T,o,h,l,c,v
1649248500000,44810.6015625,44836.80078125,44798.0,44814.80078125,17.06450080871582
1649248560000,44814.80078125,44848.8984375,44805.3984375,44822.8984375,20.894899368286133
1649248620000,44822.8984375,44831.5,44782.5,44803.0,28.96969985961914
1649248680000,44803.0,44820.0,44785.8,44793.0,15.3863
1649248740000,44793.0,44800.0,44793.0,44793.6,14.018
1649248800000,44793.6,44845.5,44785.8,44845.5,20.9649
1649248860000,44845.5,44869.7,44841.7,44864.6,16.7379
1649248920000,44864.6,44874.1,44834.3,44861.4,12.9956
1649248980000,44861.4,44892.1,44833.9,44892.1,17.9294
1649249040000,44892.1,44907.0,44880.0,44888.5,16.831
1649249100000,44888.5,44896.6,44833.3,44836.1,20.7051
1649249160000,44836.1,44836.1,44803.5,44810.2,15.4023
1649249220000,44810.2,44848.6,44805.7,44843.3,36.7142
1649249280000,44843.3,44843.3,44803.5,44810.1,13.8808
1649249340000,44810.1,44813.0,44791.8,44813.0,39.3831
1649249400000,44813.0,44825.0,44788.2,44800.5,46.3679
1649249460000,44800.5,44801.8,44790.8,44793.0,37.7784
1649249520000,44793.0,44802.7,44784.6,44798.0,20.4607
1649249580000,44798.0,44836.2,44795.5,44825.5,18.0071
1649249640000,44825.5,44825.5,44776.0,44785.6,17.817
1649249700000,44785.6,44806.1,44773.9,44784.8,13.6526
1649249760000,44784.8,44795.8,44765.0,44767.8,22.2488
1649249820000,44767.8,44783.3,44751.3,44778.8,18.5007
1649249880000,44778.8,44817.6,44778.8,44802.7,23.8233
1649249940000,44802.69921875,44802.69921875,44751.0,44751.0,17.087499618530273
1649250000000,44751.0,44816.3984375,44720.0,44808.80078125,50.61899948120117
1649250060000,44808.8,44843.8,44808.8,44843.8,20.4568
1649250120000,44843.8,44848.2,44812.5,44848.2,35.7962
1649250180000,44848.2,44874.6,44844.3,44871.9,34.1277
1649250240000,44871.9,44871.9,44844.3,44850.0,19.9575
1649250300000,44850.0,44878.8,44847.7,44878.8,19.8041
1649250360000,44878.8,44896.4,44856.4,44872.6,26.7253
1649250420000,44872.6,44884.2,44863.2,44880.0,17.4323
1649250480000,44880.0,44941.19921875,44880.0,44933.69921875,27.955699920654297
1649250540000,44933.7,44933.7,44894.2,44900.1,20.9701
1649250600000,44900.1,44933.7,44890.5,44924.6,27.7172
1649250660000,44924.5,44931.5,44904.5,44909.3,12.9671
1649250720000,44909.30078125,44909.3984375,44893.0,44896.0,24.96500015258789
1649250780000,44896.0,44896.0,44884.3,44890.1,18.7713
1649250840000,44890.1,44898.1,44880.0,44891.0,14.36
1649250900000,44891.0,44894.1,44844.3,44844.3,32.4698
1649250960000,44844.3,44847.2,44772.0,44788.9,72.4387
1649251020000,44788.8984375,44887.0,44788.80078125,44871.1015625,32.58449935913086
1649251080000,44871.1,44894.1,44866.7,44890.9,9.33135
1649251140000,44890.9,44909.0,44877.1,44909.0,10.368
1649251200000,44909.0,44926.0,44907.0,44913.9,21.2718
1649251260000,44913.9,44922.6,44890.5,44917.3,25.5324
1649251320000,44917.3,44923.6,44917.3,44918.9,7.51864
1649251380000,44918.9,44943.5,44908.4,44938.3,16.2053
1649251440000,44939.0,44942.5,44914.8,44932.8,7.19182
1649251500000,44932.80078125,44932.80078125,44900.0,44908.30078125,9.738550186157227
1649251560000,44908.3,44908.3,44890.0,44894.2,13.323
1649251620000,44894.2,44914.3,44884.3,44914.3,12.5884
1649251680000,44914.3,44914.3,44908.1,44912.6,6.79231
1649251740000,44912.6,44942.5,44887.4,44897.8,44.0044
1649251800000,44897.8,44964.5,44890.0,44936.2,37.8622
1649251860000,44936.2,44965.8,44920.0,44920.0,26.1202
1649251920000,44920.0,44920.0,44813.6,44848.9,46.7591
1649251980000,44848.8984375,44880.0,44832.19921875,44832.19921875,43.87689971923828
1649252040000,44832.19921875,44884.0,44832.19921875,44857.0,23.94809913635254
1649252100000,44857.0,44864.6,44789.5,44789.5,35.1507
1649252160000,44789.5,44858.7,44747.0,44823.3,80.9781
1649252220000,44823.30078125,44823.30078125,44785.3984375,44800.80078125,83.28839874267578
1649252280000,44800.80078125,44800.80078125,44746.3984375,44771.5,37.500701904296875
1649252340000,44771.5,44783.3,44744.0,44765.7,36.593
1649252400000,44765.7,44807.0,44750.9,44769.6,48.6499
1649252460000,44769.6,44769.6,44730.0,44735.7,38.3606
1649252520000,44735.7,44736.0,44572.6,44695.0,313.297
1649252580000,44695.0,44768.9,44529.0,44609.8,164.771
1649252640000,44609.8,44638.9,44559.4,44575.2,120.322
1649252700000,44575.2,44698.5,44529.2,44689.4,139.602
1649252760000,44689.4,44689.4,44616.5,44633.1,46.1409
1649252820000,44633.1,44634.6,44535.0,44535.1,71.5718
1649252880000,44535.1,44535.1,44337.9,44343.8,518.867
1649252940000,44343.8,44356.2,44130.1,44267.7,980.76
1649253000000,44267.7,44333.3,44156.7,44249.8,231.44
1649253060000,44249.8,44315.9,44203.7,44279.0,118.82
1649253120000,44279.0,44305.8,44240.8,44254.5,79.873
1649253180000,44254.5,44319.8,44215.0,44294.6,71.9867
1649253240000,44294.5,44305.0,44235.2,44303.5,83.7695
1649253300000,44303.5,44372.2,44231.0,44369.3,271.177
1649253360000,44369.3,44399.0,44349.5,44381.2,73.1378
1649253420000,44381.19921875,44387.5,44301.3984375,44325.8984375,91.36940002441406
1649253480000,44325.8984375,44325.8984375,44243.6015625,44261.1015625,102.052001953125
1649253540000,44261.1,44261.1,44159.7,44165.9,86.2079
1649253600000,44165.9,44251.5,44091.2,44244.0,270.105
1649253660000,44244.0,44244.6,44143.6,44149.3,87.2932
1649253720000,44149.3,44187.9,44058.7,44167.3,330.232
1649253780000,44167.3,44178.4,44072.8,44114.6,173.809
1649253840000,44114.6,44120.8,43845.9,43950.1,870.553
1649253900000,43950.2,43950.2,43769.2,43897.3,543.626
1649253960000,43897.3,44004.9,43861.4,44003.8,166.133
1649254020000,44003.8,44010.0,43926.6,43942.0,119.155
1649254080000,43942.0,43983.69921875,43933.0,43982.1015625,125.28199768066406
1649254140000,43982.1015625,44025.69921875,43951.3984375,44015.3984375,143.3470001220703
1649254200000,44015.4,44079.3,43966.9,44079.3,158.584
1649254260000,44079.3,44095.9,44000.8,44007.1,99.3637
1649254320000,44007.1,44066.9,43983.0,44019.1,88.27
1649254380000,44019.1,44025.0,43967.3,43979.6,62.8328
1649254440000,43979.6,43999.3,43941.4,43976.8,52.5986
1649254500000,43976.8,44089.8,43970.0,44070.1,94.1645
1649254560000,44070.1,44163.9,44070.1,44101.0,104.737
1649254620000,44101.0,44120.2,44043.3,44057.2,68.0242
1649254680000,44057.2,44105.1,44056.7,44102.3,43.9206
1649254740000,44102.3,44109.2,44077.0,44088.7,57.2552
1649254800000,44088.7,44099.3,44057.2,44077.0,277.687
1649254860000,44077.0,44082.2,44033.3,44047.0,98.9192
1649254920000,44047.0,44099.3,44038.4,44099.3,28.4005
1649254980000,44099.3,44117.2,44064.5,44117.2,40.8828
1649255040000,44117.2,44162.3,44108.3,44137.2,72.4307
1649255100000,44137.2,44154.1,44100.0,44119.0,40.8146
1649255160000,44119.0,44119.0,44093.1,44113.2,52.4365
1649255220000,44113.2,44158.3,44113.2,44158.3,31.6738
1649255280000,44158.3,44165.5,44107.6,44139.7,51.7676
1649255340000,44139.6,44167.1,44134.6,44163.4,64.4405
1649255400000,44163.4,44173.5,44121.1,44172.0,35.7957
1649255460000,44172.0,44297.8,44172.0,44282.7,155.326
1649255520000,44282.7,44323.7,44254.3,44315.5,91.3272
1649255580000,44315.5,44497.0,44304.8,44439.0,187.115
1649255640000,44439.0,44440.5,44344.3,44359.0,143.983
1649255700000,44359.0,44410.4,44345.2,44356.6,51.6912
1649255760000,44356.6,44366.9,44288.0,44288.0,44.6268
1649255820000,44288.0,44352.3,44288.0,44300.0,51.2906
1649255880000,44300.0,44355.0,44273.8,44355.0,43.1002
1649255940000,44355.0,44394.6,44350.3,44387.5,25.1342
1649256000000,44387.5,44387.5,44284.1,44285.8,38.871
1649256060000,44285.8,44352.3,44282.7,44286.2,42.1633
1649256120000,44286.2,44315.3,44252.0,44309.9,54.9256
1649256180000,44309.9,44346.0,44299.1,44329.5,53.524
1649256240000,44329.5,44329.5,44280.0,44307.2,39.3044
1649256300000,44307.2,44307.8,44246.2,44271.1,56.533
1649256360000,44271.1,44307.2,44232.9,44298.8,94.6731
1649256420000,44298.8,44389.4,44298.7,44352.4,75.5654
1649256480000,44352.4,44362.2,44300.0,44303.9,33.6498
1649256540000,44304.0,44360.0,44285.7,44352.5,30.6648
1649256600000,44352.5,44376.0,44352.5,44354.6,39.6427
1649256660000,44354.6,44374.1,44334.3,44343.0,17.3836
1649256720000,44343.0,44348.5,44301.2,44309.3,49.8781
1649256780000,44309.3,44339.2,44292.8,44330.8,19.9905
1649256840000,44330.8,44344.7,44306.6,44308.8,31.0653
1649256900000,44308.8,44344.1,44303.4,44315.5,19.5394
1649256960000,44315.4,44315.5,44285.0,44302.6,22.3769
1649257020000,44302.6,44302.6,44267.9,44280.3,20.6843
1649257080000,44280.3,44292.1,44257.3,44277.3,31.3529
1649257140000,44277.3,44278.3,44243.3,44259.0,20.042
1649257200000,44259.0,44282.4,44201.0,44217.7,71.4742
1649257260000,44217.6,44274.5,44201.4,44271.7,60.7686
1649257320000,44271.7,44299.0,44250.8,44290.6,39.3893
1649257380000,44290.6,44305.4,44213.6,44216.6,50.3976
1649257440000,44216.6,44232.4,44196.0,44226.4,46.302
1649257500000,44226.4,44247.6,44196.1,44213.1,25.7699
1649257560000,44213.1,44230.8,44100.0,44147.9,128.667
1649257620000,44147.9,44152.3,44108.0,44132.6,61.1707
1649257680000,44132.6,44187.7,44126.2,44134.3,48.4732
1649257740000,44134.3,44142.6,44076.9,44077.7,260.101
1649257800000,44077.7,44142.6,44075.0,44087.9,57.3676
1649257860000,44087.9,44099.6,44060.0,44099.6,32.104
1649257920000,44099.6,44111.6,44038.7,44073.3,56.161
1649257980000,44073.3,44130.1,44069.7,44124.2,38.3223
1649258040000,44124.2,44137.0,44070.9,44070.9,29.2481
1649258100000,44070.9,44138.8,44069.7,44104.7,76.2729
1649258160000,44104.7,44142.6,44104.7,44138.8,21.0496
1649258220000,44138.8,44140.2,44056.2,44065.9,55.9343
1649258280000,44065.9,44065.9,43901.0,43912.7,152.427
1649258340000,43912.7,43933.5,43847.8,43870.2,126.87
1649258400000,43870.2,43918.6,43855.2,43877.4,51.9938
1649258460000,43877.4,43954.1,43852.6,43951.8,85.2383
1649258520000,43951.8,43972.0,43920.7,43971.7,79.804
1649258580000,43971.7,44108.5,43971.7,44072.6,79.6809
1649258640000,44072.6,44093.9,44048.4,44048.4,41.0267
1649258700000,44048.4,44049.8,43936.2,43967.9,66.3349
1649258760000,43967.9,44020.6,43928.5,44020.6,29.45
1649258820000,44020.6,44020.6,43877.8,43891.4,61.5767
1649258880000,43891.4,43934.8,43880.4,43895.5,41.4272
1649258940000,43895.5,43925.8,43883.9,43889.5,56.1902
1649259000000,43889.5,43938.9,43887.1,43902.1,46.1725
1649259060000,43902.1,43943.8,43815.8,43847.1,67.091
1649259120000,43847.1,43860.0,43716.7,43744.5,318.3
1649259180000,43744.5,43930.7,43705.6,43889.3,211.053
1649259240000,43889.2,44077.7,43889.2,44010.0,228.803
1649259300000,44010.0,44056.3,43947.9,44000.0,49.5885
1649259360000,44000.0,44000.0,43930.2,43965.2,33.9044
1649259420000,43965.2,43970.0,43927.0,43953.8,40.928
1649259480000,43953.8,43999.5,43937.0,43984.2,46.7632
1649259540000,43984.2,44053.3,43965.1,44047.1,59.0239
1649259600000,44047.1,44124.6,44047.1,44116.7,63.6145
1649259660000,44116.7,44117.8,44059.2,44074.9,52.1232
1649259720000,44074.9,44096.9,44063.0,44090.7,57.9436
1649259780000,44090.7,44106.9,44077.2,44081.7,28.3541
1649259840000,44081.7,44135.8,44080.5,44135.8,25.3094
1649259900000,44135.5,44150.0,44098.3,44142.0,91.3086
1649259960000,44142.0,44153.2,44111.6,44152.3,49.5063
1649260020000,44152.3,44220.9,44152.3,44202.7,98.3341
1649260080000,44202.7,44214.2,44170.0,44214.2,33.9792
1649260140000,44214.1,44263.6,44202.0,44240.5,57.8141
1649260200000,44240.4,44272.5,44175.3,44182.7,31.7166
1649260260000,44182.7,44229.0,44182.7,44217.7,18.084
1649260320000,44217.7,44224.4,44162.5,44198.8,25.1183
1649260380000,44198.8,44219.7,44181.9,44200.8,14.3524
1649260440000,44200.8,44200.8,44176.9,44176.9,18.5641
1649260500000,44176.9,44190.0,44131.8,44149.6,37.9255
1649260560000,44149.6,44170.0,44121.8,44141.4,44.5074
1649260620000,44141.4,44147.2,44120.7,44141.4,21.5161
1649260680000,44141.4,44185.0,44129.7,44160.5,29.8406
1649260740000,44160.5,44170.5,44131.0,44168.3,12.8662
1649260800000,44168.4,44177.7,44100.0,44177.7,79.8565
1649260860000,44177.69921875,44274.80078125,44151.0,44219.8984375,123.87699890136719
1649260920000,44219.8984375,44220.1015625,44130.0,44162.6015625,39.918800354003906
1649260980000,44162.6015625,44162.6015625,44092.3984375,44124.1015625,63.670101165771484
1649261040000,44124.1,44124.1,44090.7,44110.7,34.5925
1649261100000,44110.7,44203.0,44072.3,44203.0,26.1339
1649261160000,44203.0,44262.8984375,44202.8984375,44248.80078125,44.347900390625
1649261220000,44248.80078125,44248.80078125,44181.5,44215.6015625,20.741300582885742
1649261280000,44215.6015625,44233.3984375,44206.30078125,44206.30078125,13.776900291442871
1649261340000,44208.1015625,44224.30078125,44170.19921875,44177.69921875,19.433300018310547
1649261400000,44177.69921875,44210.0,44143.1015625,44170.30078125,53.06039810180664
1649261460000,44170.3,44170.3,44107.3,44132.5,36.6005
1649261520000,44132.5,44132.5,44076.0,44104.3,22.0807
1649261580000,44104.3,44129.2,44080.2,44099.7,63.0926
1649261640000,44099.7,44107.2,44068.9,44082.2,93.0637
1649261700000,44082.2,44130.3,44073.9,44100.0,27.6266
1649261760000,44100.0,44100.0,44001.0,44017.4,40.9699
1649261820000,44017.4,44029.4,43975.8,43992.8,38.3822
1649261880000,43992.8,44026.4,43970.0,43989.8,39.2309
1649261940000,43989.8,44008.7,43980.0,43983.3,25.8726
1649262000000,43983.3,43983.3,43933.2,43963.4,29.4932
1649262060000,43963.4,43965.6,43901.1,43901.1,69.9697
1649262120000,43901.1,43924.5,43841.0,43880.9,111.298
1649262180000,43880.9,43991.5,43872.9,43981.1,79.7239
1649262240000,43981.1,43981.1,43860.9,43875.3,48.5879
1649262300000,43875.3,43915.6,43844.1,43859.1,110.174
1649262360000,43859.1,43918.0,43848.4,43855.5,61.7613
1649262420000,43855.5,43915.3,43850.0,43858.8,59.2745
1649262480000,43858.8,43888.3,43853.3,43858.6,28.2502
1649262540000,43858.6,43888.9,43853.6,43853.6,23.9362
1649262600000,43853.6,43878.1,43829.1,43839.4,57.0347
1649262660000,43839.4,43902.5,43780.0,43874.6,122.373
1649262720000,43874.6,43899.9,43800.1,43800.1,67.2319
1649262780000,43800.1,43887.2,43788.2,43875.2,90.9697
1649262840000,43875.2,43929.9,43790.0,43807.0,52.754
1649262900000,43807.0,43818.1,43758.0,43766.1,67.5092
1649262960000,43766.1,43798.9,43766.1,43783.4,43.2027
1649263020000,43783.4,43789.2,43760.6,43764.5,42.407
1649263080000,43764.5,43769.3,43601.0,43705.7,427.984
1649263140000,43705.7,43769.9,43567.2,43594.0,182.058
1649263200000,43594.0,43791.1,43566.0,43768.1,248.157
1649263260000,43768.1,43772.9,43670.7,43682.6,102.505
1649263320000,43682.6,43743.9,43682.6,43743.3,49.5074
1649263380000,43743.3,43786.9,43701.9,43777.2,75.2924
1649263440000,43777.2,43808.6,43756.5,43776.3,68.0092
1649263500000,43776.3,43786.4,43668.3,43684.5,48.9566
1649263560000,43684.5,43693.6,43594.8,43662.3,83.1791
1649263620000,43662.3,43668.7,43606.2,43627.6,130.003
1649263680000,43627.6,43779.0,43627.6,43755.2,91.973
1649263740000,43755.2,43762.8,43692.8,43692.8,44.7307
1649263800000,43692.8,43728.5,43683.3,43728.5,41.3242
1649263860000,43728.5,43742.4,43707.7,43727.4,22.3936
1649263920000,43727.4,43740.0,43693.8,43725.6,27.4221
1649263980000,43725.6,43725.6,43680.1,43691.7,50.9264
1649264040000,43691.7,43747.8,43685.2,43747.8,41.2891
1649264100000,43747.8,43813.3,43741.2,43791.6,57.3262
1649264160000,43791.7,43832.3,43776.7,43813.7,26.9617
1649264220000,43813.7,43820.4,43765.0,43773.1,36.8156
1649264280000,43773.1,43779.8,43736.3,43775.4,35.1174
1649264340000,43775.4,43803.6,43773.1,43781.3,22.3199
1649264400000,43781.3,43781.3,43712.9,43725.0,35.7112
1649264460000,43725.0,43728.4,43660.8,43660.8,78.811
1649264520000,43660.8,43716.3,43611.0,43660.9,87.3991
1649264580000,43660.9,43669.3,43555.6,43599.1,103.329
1649264640000,43599.1,43612.7,43444.9,43569.2,445.482
1649264700000,43569.2,43587.5,43446.0,43480.0,131.557
1649264760000,43480.0,43565.0,43393.7,43565.0,170.24
1649264820000,43565.0,43625.3,43510.0,43578.5,123.742
1649264880000,43578.3,43581.3,43488.6,43503.3,54.0982
1649264940000,43503.3,43570.0,43486.6,43563.2,66.5911
1649265000000,43563.2,43582.5,43520.7,43544.8,44.7543
1649265060000,43541.9,43552.3,43434.8,43441.7,48.0068
1649265120000,43441.7,43550.0,43441.7,43549.3,80.7935
1649265180000,43549.3,43624.3,43530.0,43616.2,74.3786
1649265240000,43616.2,43641.1,43550.3,43559.4,57.0686
1649265300000,43559.4,43641.3,43536.5,43634.8,73.4385
1649265360000,43634.8,43695.7,43634.8,43660.0,69.7812
1649265420000,43660.0,43674.2,43600.7,43630.0,39.7277
1649265480000,43630.0,43669.2,43580.0,43640.8,46.8414
1649265540000,43640.8,43666.9,43629.4,43655.0,28.1758
1649265600000,43655.0,43666.4,43633.3,43648.0,14.015
1649265660000,43648.0,43689.3,43640.0,43642.3,31.5575
1649265720000,43642.3,43743.0,43642.3,43734.4,68.688
1649265780000,43734.4,43766.6,43710.0,43750.0,60.9113
1649265840000,43750.0,43753.7,43700.7,43709.5,24.3435
1649265900000,43709.6,43783.3,43705.7,43705.7,134.073
1649265960000,43705.7,43754.8,43705.7,43729.1,19.8584
1649266020000,43729.1,43733.9,43700.1,43706.4,18.4179
1649266080000,43706.4,43737.1,43706.4,43730.5,27.3272
1649266140000,43730.5,43730.6,43708.4,43717.3,25.5816
1649266200000,43717.3,43736.4,43710.9,43723.6,15.7653
1649266260000,43723.6,43756.2,43700.0,43700.0,34.829
1649266320000,43700.0,43700.0,43632.7,43676.1,60.9546
1649266380000,43676.1,43780.8,43669.5,43780.8,19.3002
1649266440000,43780.8,43780.8,43740.2,43745.6,38.5833
1649266500000,43745.6,43745.6,43675.6,43684.2,36.294
1649266560000,43684.2,43715.7,43656.1,43714.5,27.0237
1649266620000,43714.5,43736.8,43677.5,43703.4,21.2176
1649266680000,43703.4,43726.8,43694.0,43696.9,13.2225
1649266740000,43696.8984375,43739.1015625,43688.69921875,43736.19921875,16.072799682617188
1649266800000,43736.2,43809.3,43710.0,43799.5,48.197
1649266860000,43799.5,43884.0,43799.5,43850.0,68.7766
1649266920000,43850.0,43851.2,43803.9,43821.1,17.7501
1649266980000,43821.1,43839.8,43804.1,43824.4,17.4435
1649267040000,43824.3984375,43855.0,43824.3984375,43825.6015625,15.829299926757812
1649267100000,43825.6015625,43843.19921875,43820.0,43843.19921875,20.520599365234375
1649267160000,43843.2,43859.5,43829.4,43840.0,28.4634
1649267220000,43840.0,43900.0,43830.0,43897.2,22.198
1649267280000,43897.2,43936.2,43867.6,43900.0,43.6489
1649267340000,43900.0,43937.1,43899.5,43918.4,43.8988
1649267400000,43918.4,43924.2,43882.2,43911.6,41.1718
1649267460000,43911.6,43930.8,43885.3,43885.7,21.3312
1649267520000,43885.7,43940.4,43885.7,43913.4,67.331
1649267580000,43913.4,43934.4,43907.2,43910.2,23.7749
1649267640000,43910.19921875,43930.19921875,43908.3984375,43927.0,18.290800094604492
1649267700000,43927.0,43930.0,43897.6015625,43904.69921875,23.633699417114258
1649267760000,43904.7,43924.9,43874.6,43884.5,23.317
1649267820000,43884.5,43907.0,43834.5,43836.2,53.1579
1649267880000,43836.19921875,43877.80078125,43836.19921875,43873.69921875,24.58650016784668
1649267940000,43873.69921875,43873.69921875,43815.30078125,43815.30078125,13.829400062561035
1649268000000,43815.30078125,44100.0,43750.6015625,44066.80078125,358.4620056152344
1649268060000,44055.69921875,44161.5,43955.80078125,44120.69921875,312.5979919433594
1649268120000,44120.69921875,44291.80078125,44120.69921875,44206.0,338.9360046386719
1649268180000,44206.0,44298.6,44206.0,44235.5,168.854
1649268240000,44235.5,44258.4,44106.5,44168.3,107.549
1649268300000,44168.30078125,44168.30078125,44019.5,44051.80078125,109.91400146484375
1649268360000,44051.8,44115.6,44002.9,44025.9,86.833
1649268420000,44025.8,44027.8,43868.3,43901.8,158.794
1649268480000,43901.8,43929.4,43800.2,43907.0,92.73
1649268540000,43907.0,43958.30078125,43812.6015625,43832.30078125,93.95850372314453
1649268600000,43832.3,43848.3,43767.4,43826.0,136.478
1649268660000,43826.0,43826.0,43746.9,43757.1,54.8415
1649268720000,43757.1,43843.4,43730.6,43737.4,46.5187
1649268780000,43737.4,43752.2,43703.3,43733.8,47.6938
1649268840000,43733.8,43733.8,43646.9,43683.3,74.3996
1649268900000,43683.3,43683.3,43574.3,43589.8,108.134
1649268960000,43589.8,43641.9,43570.0,43629.1,43.7841
1649269020000,43629.1015625,43633.69921875,43582.0,43604.5,40.73500061035156
1649269080000,43604.5,43615.6,43535.9,43570.8,75.9076
1649269140000,43570.8,43623.7,43550.1,43558.4,74.6346
1649269200000,43558.4,43659.2,43552.9,43603.8,78.7306
1649269260000,43603.8,43680.3,43594.5,43657.1,61.9364
1649269320000,43657.1,43660.0,43550.1,43550.1,62.8982
1649269380000,43550.1,43568.3,43334.0,43372.6,281.145
1649269440000,43372.6,43389.8,43177.1,43346.1,491.32
1649269500000,43346.1,43542.8,43274.0,43537.7,156.894
1649269560000,43537.7,43555.1,43433.7,43513.7,147.161
1649269620000,43513.7,43534.6,43419.9,43433.3,59.4417
1649269680000,43433.3,43439.8,43351.3,43381.5,51.4627
1649269740000,43381.6,43490.7,43381.5,43428.8,152.64
1649269800000,43428.80078125,43489.80078125,43391.8984375,43477.30078125,114.51799774169922
1649269860000,43477.3,43524.3,43465.1,43504.8,50.9755
1649269920000,43504.8,43695.0,43504.8,43677.0,142.47
1649269980000,43677.0,43686.4,43575.2,43653.3,86.8189
1649270040000,43653.3,43725.7,43632.8,43718.0,68.8036
1649270100000,43718.0,43776.6,43642.8,43645.9,60.1131
1649270160000,43645.9,43661.2,43519.6,43581.0,155.849
1649270220000,43581.0,43628.7,43557.3,43601.3,34.4276
1649270280000,43601.3,43730.0,43595.2,43657.2,73.648
1649270340000,43657.19921875,43709.30078125,43637.3984375,43652.3984375,48.89400100708008
1649270400000,43652.4,43683.2,43601.5,43670.4,93.9367
1649270460000,43670.4,43686.6,43631.9,43645.1,42.4787
1649270520000,43645.1,43710.0,43626.8,43634.4,101.175
1649270580000,43634.4,43681.1,43584.3,43681.1,46.6061
1649270640000,43681.1,43787.9,43670.4,43725.0,126.628
1649270700000,43724.9,43830.0,43717.1,43821.9,85.8267
1649270760000,43821.9,43825.4,43736.3,43770.2,55.0276
1649270820000,43770.2,43816.0,43730.6,43808.6,39.0103
1649270880000,43808.6015625,43809.5,43750.80078125,43786.80078125,35.19219970703125
1649270940000,43786.8,43808.6,43677.2,43689.6,75.1234
1649271000000,43689.6,43756.2,43689.6,43714.6,40.8849
1649271060000,43714.6,43799.0,43706.2,43799.0,39.5767
1649271120000,43799.0,43821.9,43751.7,43821.9,86.8112
1649271180000,43821.9,43828.3,43732.0,43742.5,130.628
1649271240000,43742.5,43876.9,43742.5,43837.3,75.0134
1649271300000,43837.3,43965.2,43836.6,43940.4,117.126
1649271360000,43940.3984375,43940.3984375,43780.0,43800.0,127.19200134277344
1649271420000,43800.0,43878.6,43767.5,43803.6,109.153
1649271480000,43803.6015625,43849.3984375,43768.80078125,43819.5,89.88670349121094
1649271540000,43815.6,43854.5,43815.6,43837.6,54.4895
1649271600000,43837.6015625,43898.3984375,43814.8984375,43894.8984375,64.69010162353516
1649271660000,43894.8984375,43944.6015625,43890.30078125,43921.5,71.48100280761719
1649271720000,43921.5,43973.0,43902.6,43902.6,67.7372
1649271780000,43902.6,43940.0,43853.4,43901.8,75.1242
1649271840000,43901.80078125,43930.0,43842.30078125,43856.6015625,33.151798248291016
1649271900000,43857.30078125,43857.30078125,43723.19921875,43747.0,54.165199279785156
1649271960000,43747.0,43756.1015625,43644.1015625,43673.30078125,74.02020263671875
1649272020000,43673.3,43751.6,43672.5,43727.4,90.7535
1649272080000,43727.4,43740.6,43669.1,43731.3,60.1693
1649272140000,43731.30078125,43843.80078125,43729.8984375,43809.1015625,107.38200378417969
1649272200000,43809.1,43881.6,43780.0,43865.2,71.3477
1649272260000,43865.2,43865.2,43787.9,43787.9,56.2437
1649272320000,43787.9,43790.0,43743.4,43786.5,58.1102
1649272380000,43786.5,43809.5,43742.6,43798.4,117.061
1649272440000,43798.4,43804.5,43770.1,43792.4,36.9139
1649272500000,43792.3984375,43826.19921875,43739.3984375,43791.1015625,77.70379638671875
1649272560000,43791.2,43798.5,43716.0,43716.0,39.6806
1649272620000,43716.0,43732.5,43673.5,43690.5,49.6096
1649272680000,43690.6,43742.4,43689.8,43736.2,25.8113
1649272740000,43736.2,43744.0,43670.0,43670.0,52.0663
1649272800000,43670.0,43693.8,43630.0,43652.9,30.3421
1649272860000,43652.9,43702.4,43623.2,43634.9,85.9945
1649272920000,43634.8984375,43717.19921875,43630.80078125,43693.80078125,75.3218002319336
1649272980000,43693.80078125,43728.69921875,43666.8984375,43690.8984375,63.56520080566406
1649273040000,43691.0,43750.0,43680.6015625,43698.3984375,68.17179870605469
1649273100000,43698.3984375,43740.30078125,43651.5,43706.0,122.26799774169922
1649273160000,43706.0,43740.0,43659.3,43668.8,23.092
1649273220000,43668.8,43671.1,43625.4,43630.0,34.4071
1649273280000,43630.0,43675.3,43625.7,43666.4,19.2291
1649273340000,43666.4,43679.5,43650.7,43668.9,19.6312
1649273400000,43668.9,43678.3,43637.9,43668.1,25.6665
1649273460000,43668.1,43694.3,43648.8,43694.3,29.4509
1649273520000,43694.3,43714.4,43600.0,43600.6,36.3189
1649273580000,43600.6015625,43600.6015625,43550.0,43574.5,63.105201721191406
1649273640000,43574.5,43574.5,43527.1015625,43541.69921875,30.81999969482422
1649273700000,43541.7,43590.0,43530.0,43580.6,53.0513
1649273760000,43580.6,43592.8,43548.5,43570.0,32.9872
1649273820000,43570.0,43638.6,43570.0,43624.2,22.1306
1649273880000,43624.2,43664.9,43610.0,43656.6,27.9922
1649273940000,43656.6015625,43661.3984375,43618.0,43618.0,33.23310089111328
1649274000000,43618.0,43647.0,43605.5,43634.6015625,26.307199478149414
1649274060000,43634.6015625,43653.6015625,43615.80078125,43616.0,28.936500549316406
1649274120000,43616.0,43661.4,43610.0,43661.4,22.8495
1649274180000,43661.4,43677.0,43656.5,43674.3,24.8241
1649274240000,43674.30078125,43714.3984375,43670.69921875,43706.30078125,24.791900634765625
1649274300000,43706.3,43745.0,43690.0,43727.4,26.1987
1649274360000,43727.3984375,43748.69921875,43726.19921875,43748.69921875,14.68649959564209
1649274420000,43748.7,43821.7,43748.7,43819.9,46.0743
1649274480000,43819.8984375,43845.80078125,43810.3984375,43840.30078125,20.86079978942871
1649274540000,43840.3,43853.9,43804.3,43820.0,22.5112
1649274600000,43820.0,43854.3984375,43750.0,43763.30078125,65.51239776611328
1649274660000,43763.3,43797.5,43748.3,43775.9,39.8721
1649274720000,43775.9,43839.5,43769.1,43813.7,35.1795
1649274780000,43813.6,43824.6,43800.0,43800.0,18.7445
1649274840000,43800.0,43828.3,43763.1,43773.5,40.7359
1649274900000,43773.5,43794.0,43761.6015625,43764.6015625,30.3302001953125
1649274960000,43764.6,43828.3,43756.4,43828.3,18.985
1649275020000,43828.3,43860.0,43821.4,43843.1,11.9962
1649275080000,43843.1,43852.1,43784.0,43784.0,23.1318
1649275140000,43784.0,43813.0,43740.7,43754.6,43.5785
1649275200000,43754.6015625,43775.6015625,43725.30078125,43775.6015625,31.559999465942383
1649275260000,43775.6,43827.0,43774.6,43812.1,21.4948
1649275320000,43812.1015625,43849.0,43810.69921875,43810.69921875,26.843799591064453
1649275380000,43810.69921875,43910.0,43810.69921875,43910.0,46.05550003051758
1649275440000,43910.0,44000.8984375,43910.0,43955.0,106.63300323486328
1649275500000,43955.0,44041.1,43955.0,43983.9,71.4868
1649275560000,43983.9,43983.9,43906.8,43928.2,31.178
1649275620000,43928.19921875,43947.19921875,43910.69921875,43910.69921875,29.799299240112305
1649275680000,43910.69921875,43910.69921875,43897.30078125,43901.80078125,16.47599983215332
1649275740000,43901.8,43930.8,43891.1,43891.1,13.6295
1649275800000,43891.1,43916.4,43882.2,43883.7,25.6325
1649275860000,43883.7,43895.4,43871.8,43881.4,21.9125
1649275920000,43881.4,43882.3,43843.1,43849.8,48.3247
1649275980000,43849.9,43877.0,43825.0,43825.0,58.1498
1649276040000,43825.0,43831.8,43797.7,43797.7,23.2745
1649276100000,43798.2,43820.3,43794.1,43802.7,16.2218
1649276160000,43802.7,43802.7,43765.8,43765.8,36.1709
1649276220000,43765.8,43787.1,43760.0,43765.5,36.9543
1649276280000,43765.5,43810.0,43765.5,43797.4,14.8536
1649276340000,43797.4,43840.0,43797.4,43814.9,29.3636
1649276400000,43814.9,43842.2,43813.1,43819.8,15.524
1649276460000,43819.8,43861.9,43819.8,43861.9,9.94481
1649276520000,43861.8984375,43873.6015625,43859.1015625,43861.30078125,9.55657958984375
1649276580000,43861.30078125,43891.3984375,43853.6015625,43891.3984375,9.982040405273438
1649276640000,43891.4,43906.2,43883.9,43884.0,20.2117
1649276700000,43884.0,43884.0,43822.80078125,43826.6015625,5.367849826812744
1649276760000,43826.6,43887.4,43826.6,43887.4,19.3478
1649276820000,43887.3984375,43900.0,43887.3984375,43899.5,15.46720027923584
1649276880000,43899.5,43915.19921875,43886.6015625,43899.6015625,12.003600120544434
1649276940000,43899.6,43941.6,43899.6,43937.7,19.0162
1649277000000,43937.7,43956.2,43929.5,43940.9,18.1091
1649277060000,43940.9,43959.2,43936.5,43955.2,47.5344
1649277120000,43955.2,43956.0,43936.4,43936.8,28.6048
1649277180000,43936.8,43943.2,43927.8,43929.5,24.3012
1649277240000,43929.5,43941.5,43929.3984375,43941.5,14.091400146484375
1649277300000,43941.5,43941.5,43901.1,43901.1,13.4239
1649277360000,43901.1,43901.1,43894.4,43894.5,7.88924
1649277420000,43894.5,43894.5,43861.9,43862.6,6.81815
1649277480000,43862.6,43875.9,43858.8,43867.2,12.1035
1649277540000,43867.2,43894.5,43848.0,43894.5,18.7917
1649277600000,43894.5,43898.2,43878.4,43880.6,7.38686
1649277660000,43880.6015625,43884.6015625,43857.3984375,43857.3984375,8.625960350036621
1649277720000,43857.4,43860.0,43850.6,43856.0,11.3093
1649277780000,43856.0,43856.0,43834.3,43834.3,6.85034
1649277840000,43834.3,43834.3,43793.5,43793.5,15.1443
1649277900000,43793.5,43838.0,43793.5,43838.0,22.6916
1649277960000,43838.0,43842.6,43833.6,43836.9,12.5696
1649278020000,43836.9,43899.0,43836.9,43884.0,16.6527
1649278080000,43884.0,43919.5,43884.0,43915.4,10.818
1649278140000,43915.4,43919.5,43902.5,43919.4,30.0875
1649278200000,43919.5,43955.4,43919.4,43951.6,21.3381
1649278260000,43951.6,43964.7,43936.9,43964.1,40.6354
1649278320000,43964.1015625,43964.1015625,43929.5,43929.5,17.957599639892578
1649278380000,43929.5,43945.2,43925.3,43945.2,7.49973
1649278440000,43945.2,43946.9,43923.6,43923.6,8.84343
1649278500000,43923.6,43944.5,43923.6,43941.5,9.66422
1649278560000,43941.5,43960.1,43930.8,43941.5,18.9809
1649278620000,43941.5,43960.1,43933.7,43943.2,25.3041
1649278680000,43943.1,43943.2,43877.4,43889.2,15.533
1649278740000,43889.2,43889.2,43877.4,43877.4,11.946
1649278800000,43877.4,43886.2,43849.3,43886.2,19.093
1649278860000,43886.2,43916.2,43863.3,43863.3,17.3604
1649278920000,43863.3,43869.9,43840.0,43840.0,18.2389
1649278980000,43840.0,43841.7,43826.6,43830.0,16.0827
1649279040000,43830.0,43831.0,43830.0,43830.0,6.69398
1649279100000,43830.0,43900.0,43819.3984375,43900.0,21.69529914855957
1649279160000,43900.0,43927.30078125,43900.0,43927.30078125,6.281620025634766
1649279220000,43927.30078125,43937.3984375,43927.30078125,43936.80078125,15.844900131225586
1649279280000,43936.80078125,43999.0,43936.80078125,43996.30078125,24.67300033569336
1649279340000,43996.30078125,43996.30078125,43936.80078125,43936.80078125,17.570600509643555
1649279400000,43936.8,43945.3,43935.8,43944.6,10.0811
1649279460000,43944.6,43947.7,43934.9,43947.7,17.9384
1649279520000,43947.7,43960.6,43905.3,43905.3,16.5932
1649279580000,43905.3,43905.3,43853.5,43853.5,12.3551
1649279640000,43853.5,43877.6,43853.5,43873.2,10.1343
1649279700000,43873.2,43873.2,43858.4,43865.3,8.56594
1649279760000,43865.3,43877.3,43856.6,43876.9,15.4662
1649279820000,43877.3,43890.4,43877.3,43890.4,7.26521
1649279880000,43890.4,43891.8,43857.2,43857.2,19.3537
1649279940000,43857.2,43893.5,43857.2,43893.5,12.104
1649280000000,43893.5,43893.5,43870.6,43882.2,19.7593
1649280060000,43882.2,43907.1,43882.2,43907.1,8.97602
1649280120000,43907.1,43922.6,43899.6,43899.6,7.71968
1649280180000,43899.6,43899.9,43888.4,43888.4,9.42157
1649280240000,43888.4,43908.9,43884.3,43908.9,7.91382
1649280300000,43908.9,43955.3,43908.9,43955.3,8.35606
1649280360000,43955.3,43960.9,43952.7,43960.9,14.8532
1649280420000,43960.9,43967.1,43960.9,43967.1,10.6819
1649280480000,43967.1,43996.2,43961.6,43979.5,28.5636
1649280540000,43979.5,43991.8,43979.5,43991.8,6.24712
1649280600000,43991.8,43991.8,43985.2,43986.3,13.5593
1649280660000,43986.3,43990.0,43984.0,43984.9,6.48716
1649280720000,43984.9,43986.3,43978.8,43978.9,13.9777
1649280780000,43978.8,43979.3,43978.8,43978.9,8.74816
1649280840000,43978.8,43978.9,43975.4,43975.9,6.90857
1649280900000,43975.9,43975.9,43931.6,43931.6,13.6543
1649280960000,43931.6,43931.6,43890.4,43903.3,49.8064
1649281020000,43903.3,43903.3,43853.8,43853.8,32.6317
1649281080000,43853.8,43855.0,43795.7,43845.0,97.6105
1649281140000,43845.0,43845.0,43819.2,43819.2,11.1471
1649281200000,43819.2,43870.0,43817.8,43870.0,19.5125
1649281260000,43870.0,43870.0,43865.6,43869.1,4.308
1649281320000,43869.0,43876.9,43869.0,43875.8,7.17877
1649281380000,43875.8,43875.8,43872.7,43872.7,6.15745
1649281440000,43872.8,43875.8,43810.0,43810.0,22.3783
1649281500000,43810.0,43853.5,43792.5,43853.5,20.4713
1649281560000,43853.5,43882.3,43844.7,43866.2,35.0988
1649281620000,43866.2,43871.6,43865.2,43867.7,9.48162
1649281680000,43867.7,43883.7,43867.7,43878.2,13.9101
1649281740000,43878.2,43902.0,43875.9,43902.0,23.2403
1649281800000,43902.0,43902.0,43892.8,43894.1,12.2389
1649281860000,43894.1,43902.0,43894.0,43902.0,12.795
1649281920000,43901.9,43902.0,43826.6,43826.6,15.2078
1649281980000,43826.6,43877.4,43814.7,43877.4,25.7251
1649282040000,43877.4,43908.0,43877.4,43908.0,8.98444
1649282100000,43908.0,43930.0,43904.8,43919.1,15.905
1649282160000,43919.1,43922.1,43900.0,43900.0,16.779
1649282220000,43900.0,43900.0,43852.6,43852.6,18.4943
1649282280000,43852.6,43866.0,43849.9,43862.6,10.6882
1649282340000,43862.6,43862.6,43845.8,43845.8,8.99126
1649282400000,43845.8,43845.8,43796.2,43811.3,31.4551
1649282460000,43811.3,43811.3,43797.4,43797.5,13.8095
1649282520000,43797.4,43801.9,43796.5,43799.1,11.5891
1649282580000,43799.2,43833.9,43799.1,43830.0,8.41723
1649282640000,43830.0,43840.0,43807.7,43840.0,7.12416
1649282700000,43840.0,43840.0,43813.8,43813.8,4.31476
1649282760000,43813.8,43813.8,43795.0,43795.0,10.1373
1649282820000,43795.0,43865.3,43795.0,43865.3,16.3428
1649282880000,43865.3,43865.3,43807.4,43807.4,19.4454
1649282940000,43807.4,43815.8,43790.8,43815.8,21.5319
1649283000000,43815.8,43845.1,43815.8,43845.0,21.8296
1649283060000,43845.0,43850.0,43818.2,43818.2,31.0513
1649283120000,43818.2,43852.4,43817.7,43840.0,12.9647
1649283180000,43840.0,43852.5,43840.0,43852.5,7.7305
1649283240000,43852.5,43858.3,43840.0,43858.3,15.2793
1649283300000,43858.3,43860.5,43835.7,43835.7,12.4236
1649283360000,43835.7,43835.7,43783.4,43794.4,20.719
1649283420000,43794.4,43794.4,43779.7,43779.7,9.39205
1649283480000,43779.7,43790.7,43775.7,43775.7,14.2272
1649283540000,43775.7,43776.8,43765.0,43765.0,10.4301
1649283600000,43765.0,43799.7,43724.2,43724.2,26.2427
1649283660000,43724.2,43738.6,43664.5,43669.9,43.3996
1649283720000,43670.0,43711.2,43661.6,43671.4,41.4853
1649283780000,43671.4,43721.6,43663.4,43721.2,21.9808
1649283840000,43721.2,43721.2,43692.4,43704.5,17.2245
1649283900000,43704.5,43717.1,43681.4,43713.8,21.229
1649283960000,43713.8,43761.5,43700.4,43754.9,22.7714
1649284020000,43754.9,43772.8,43747.9,43767.5,24.3252
1649284080000,43767.5,43767.6,43707.0,43716.6,13.4496
1649284140000,43716.6,43720.4,43714.9,43720.0,7.6753
1649284200000,43720.0,43756.1,43718.6,43739.4,14.49
1649284260000,43739.4,43746.7,43739.4,43746.7,7.21238
1649284320000,43746.7,43749.1,43746.6,43749.1,6.4194
1649284380000,43749.1,43749.5,43718.5,43731.0,13.4346
1649284440000,43731.0,43735.2,43650.0,43650.0,15.5234
1649284500000,43650.0,43694.30078125,43650.0,43692.80078125,24.00079917907715
1649284560000,43692.80078125,43733.3984375,43683.69921875,43733.19921875,12.57349967956543
1649284620000,43733.2,43739.1,43704.0,43724.9,16.6852
1649284680000,43724.9,43743.0,43718.6,43741.8,13.1726
1649284740000,43741.8,43741.8,43719.8,43730.0,11.8855
1649284800000,43730.0,43748.7,43721.6,43721.6,9.03684
1649284860000,43719.8,43722.9,43654.9,43665.1,18.4466
1649284920000,43665.1,43665.1,43614.7,43615.6,17.6183
1649284980000,43615.8,43658.4,43592.8,43603.7,43.4398
1649285040000,43603.7,43615.1,43594.0,43612.9,30.7249
1649285100000,43612.9,43632.9,43594.0,43632.0,21.3943
1649285160000,43632.0,43640.0,43603.0,43625.9,17.1995
1649285220000,43625.9,43625.9,43596.0,43596.0,10.7692
1649285280000,43596.0,43649.1015625,43596.0,43642.6015625,17.92060089111328
1649285340000,43642.6015625,43649.5,43620.0,43625.69921875,7.982089996337891
1649285400000,43625.7,43629.5,43611.2,43612.7,12.148
1649285460000,43612.6,43619.0,43597.6,43602.4,15.1364
1649285520000,43602.3984375,43657.6015625,43602.3984375,43657.6015625,20.356300354003906
1649285580000,43657.6015625,43658.1015625,43616.3984375,43640.0,21.135499954223633
1649285640000,43640.0,43640.0,43601.1015625,43626.69921875,15.319600105285645
1649285700000,43626.69921875,43638.80078125,43626.69921875,43630.5,8.414389610290527
1649285760000,43630.5,43630.5,43570.0,43583.1015625,19.02560043334961
1649285820000,43583.1,43597.1,43573.6,43573.9,47.4697
1649285880000,43573.9,43575.7,43522.3,43534.7,30.6008
1649285940000,43534.7,43534.7,43484.7,43511.3,66.6441
1649286000000,43511.3,43609.6,43508.9,43607.3,56.1389
1649286060000,43607.30078125,43607.30078125,43598.30078125,43598.30078125,6.24901008605957
1649286120000,43598.30078125,43598.30078125,43453.0,43466.19921875,85.45040130615234
1649286180000,43466.2,43492.3,43445.4,43463.1,49.6039
1649286240000,43463.1,43500.0,43463.1,43500.0,18.0466
1649286300000,43500.0,43512.8,43420.3,43429.7,33.7149
1649286360000,43429.7,43450.0,43293.2,43299.2,86.8115
1649286420000,43299.2,43374.5,43280.0,43358.4,102.296
1649286480000,43358.5,43409.3,43357.2,43409.3,28.8531
1649286540000,43409.3,43488.6,43401.3,43470.6,42.6364
1649286600000,43470.5,43546.0,43470.5,43539.6,46.4113
1649286660000,43539.7,43539.7,43492.0,43511.7,41.1608
1649286720000,43513.3,43518.6,43389.6,43400.7,38.0269
1649286780000,43400.7,43466.7,43400.7,43430.3,19.9632
1649286840000,43430.3,43453.8,43376.8,43380.3,10.1064
1649286900000,43380.3,43412.0,43378.1,43386.9,13.7526
1649286960000,43386.9,43436.6,43384.9,43435.1,9.56312
1649287020000,43435.1,43454.3,43427.3,43454.3,10.401
1649287080000,43454.3,43480.8,43454.3,43465.9,17.2773
1649287140000,43465.9,43474.6,43455.5,43464.7,14.5079
1649287200000,43464.7,43490.8,43464.7,43490.8,9.37476
1649287260000,43490.8,43564.2,43490.8,43514.2,26.4884
1649287320000,43514.2,43546.7,43511.2,43515.0,18.2971
1649287380000,43515.0,43535.6,43500.0,43500.0,17.771
1649287440000,43500.0,43500.0,43461.3,43465.9,14.1317
1649287500000,43465.9,43514.3,43463.9,43514.3,20.119
1649287560000,43514.3,43552.3,43499.0,43540.1,14.6692
1649287620000,43540.1,43540.1,43483.2,43496.8,16.801
1649287680000,43496.8,43512.6,43469.8,43479.1,9.57727
1649287740000,43479.1,43488.9,43457.6,43480.6,9.05162
1649287800000,43480.6,43510.3,43463.2,43510.3,27.0705
1649287860000,43510.3,43510.3,43414.0,43414.0,17.4166
1649287920000,43414.0,43415.9,43350.0,43382.1,68.8052
1649287980000,43382.1,43407.7,43358.3,43374.9,25.8264
1649288040000,43374.9,43401.6,43355.8,43356.9,22.7984
1649288100000,43356.9,43396.0,43336.1,43336.1,14.0847
1649288160000,43336.1,43346.0,43304.3,43304.3,33.6442
1649288220000,43304.3,43350.9,43282.6,43322.2,43.3404
1649288280000,43322.2,43341.8,43309.0,43317.3,19.4149
1649288340000,43317.3,43339.3,43290.6,43301.5,35.6397
1649288400000,43301.5,43308.1,43266.8,43273.0,45.2953
1649288460000,43273.0,43308.3,43242.3,43248.1,43.6017
1649288520000,43248.1,43297.9,43227.6,43275.0,45.2818
1649288580000,43275.0,43362.6,43275.0,43356.4,53.5514
1649288640000,43356.4,43396.2,43349.8,43359.9,34.3923
1649288700000,43359.9,43363.9,43256.4,43263.6,30.7377
1649288760000,43263.6,43263.6,43200.0,43258.5,102.168
1649288820000,43258.5,43335.6,43256.3,43304.3,41.9022
1649288880000,43304.3,43366.6,43304.3,43365.6,18.6151
1649288940000,43365.6,43365.6,43277.5,43296.6,37.2336
1649289000000,43296.6,43340.2,43255.4,43255.4,25.3888
1649289060000,43255.4,43255.4,43149.5,43154.1,84.7568
1649289120000,43154.1,43192.2,43121.0,43144.0,98.9991
1649289180000,43144.0,43174.1,43128.4,43148.3,35.3516
1649289240000,43146.3,43159.5,43134.6,43143.2,29.8374
1649289300000,43143.2,43239.6,43143.2,43189.6,42.5284
1649289360000,43189.6,43217.8,43130.0,43130.0,53.2771
1649289420000,43130.0,43156.7,43121.0,43152.9,54.1715
1649289480000,43152.9,43186.0,43152.9,43177.1,47.3583
1649289540000,43177.1,43184.0,43161.9,43170.5,26.9922
1649289600000,43170.5,43237.8,43133.2,43210.5,88.0991
1649289660000,43210.5,43231.4,43169.0,43218.1,65.1578
1649289720000,43218.1,43321.4,43196.1,43290.2,115.047
1649289780000,43290.2,43291.6,43232.1,43289.9,64.8049
1649289840000,43289.9,43290.2,43262.7,43262.7,36.2233
1649289900000,43262.7,43288.1,43229.0,43241.7,35.4234
1649289960000,43241.7,43241.7,43180.0,43180.0,42.4056
1649290020000,43180.0,43204.3,43170.4,43204.2,18.7195
1649290080000,43204.2,43217.8,43172.4,43188.0,32.907
1649290140000,43188.0,43202.3,43174.4,43197.3,22.3511
1649290200000,43197.2,43329.7,43111.0,43306.1,98.0872
1649290260000,43306.1,43347.4,43243.0,43277.0,47.176
1649290320000,43277.0,43320.7,43232.1,43317.1,66.0067
1649290380000,43317.1,43347.4,43310.6,43339.9,41.1491
1649290440000,43339.9,43387.0,43339.9,43376.0,35.2784
1649290500000,43376.0,43446.5,43367.5,43443.4,60.7663
1649290560000,43443.4,43494.8,43443.4,43454.2,43.7247
1649290620000,43454.2,43462.1,43411.3,43418.7,23.8679
1649290680000,43418.7,43418.7,43387.8,43390.8,23.6015
1649290740000,43390.8,43407.4,43361.0,43378.2,38.7145
1649290800000,43378.2,43428.1,43373.6,43401.4,26.3092
1649290860000,43401.4,43430.2,43394.2,43429.9,21.663
1649290920000,43429.9,43442.3,43421.9,43436.7,19.2751
1649290980000,43436.7,43485.2,43436.7,43485.2,24.4332
1649291040000,43485.2,43488.4,43447.2,43476.3,25.4217
1649291100000,43476.3,43478.9,43433.6,43463.2,32.6526
1649291160000,43463.2,43463.2,43443.2,43455.0,18.532
1649291220000,43455.0,43461.3,43426.7,43428.2,9.82977
1649291280000,43428.2,43463.4,43418.8,43456.9,11.1235
1649291340000,43456.9,43478.9,43445.8,43454.1,26.4156
1649291400000,43454.1,43478.9,43418.9,43434.8,29.3944
1649291460000,43434.8,43487.6,43434.8,43487.6,32.9239
1649291520000,43487.6,43552.3,43487.6,43545.3,68.064
1649291580000,43545.3,43551.0,43510.9,43536.3,18.9292
1649291640000,43536.3,43541.7,43512.8,43514.9,22.7093
1649291700000,43515.0,43521.3,43500.9,43515.0,20.0641
1649291760000,43515.0,43558.7,43515.0,43550.6,16.7785
1649291820000,43550.6,43559.1,43515.0,43540.5,24.9561
1649291880000,43540.4,43541.1,43515.0,43535.9,15.7323
1649291940000,43535.9,43536.1,43515.0,43518.8,16.1473
1649292000000,43518.80078125,43518.80078125,43476.8984375,43486.1015625,24.136199951171875
1649292060000,43486.1,43510.0,43486.1,43500.0,8.13017
1649292120000,43500.0,43500.0,43488.2,43490.2,18.4978
1649292180000,43490.2,43491.9,43472.2,43473.1,14.982
1649292240000,43473.1,43473.1,43401.4,43404.5,20.1783
1649292300000,43404.5,43404.5,43347.3984375,43347.3984375,38.00699996948242
1649292360000,43347.4,43350.8,43323.3,43340.3,35.9432
1649292420000,43340.3,43350.2,43323.3,43328.7,22.1333
1649292480000,43328.7,43339.0,43266.5,43266.5,26.5234
1649292540000,43266.5,43267.69921875,43211.0,43267.69921875,48.242000579833984
1649292600000,43267.7,43267.7,43185.6,43190.9,43.6979
1649292660000,43190.9,43190.9,42800.0,42861.8,891.496
1649292720000,42861.8,42909.9,42772.9,42795.4,309.665
1649292780000,42795.3984375,42896.69921875,42727.30078125,42889.3984375,236.7100067138672
1649292840000,42889.4,42918.6,42800.0,42815.9,110.224
1649292900000,42815.9,42856.6,42752.0,42841.2,76.7289
1649292960000,42841.2,42872.1,42753.3,42851.7,120.202
1649293020000,42851.7,42947.2,42821.9,42840.6,85.5026
1649293080000,42840.6,42844.5,42781.8,42823.9,61.1411
1649293140000,42823.9,42913.4,42814.9,42894.3,65.4424
1649293200000,42894.3,42932.1,42868.8,42917.4,50.1243
1649293260000,42917.3984375,43011.0,42917.0,43002.6015625,104.31400299072266
1649293320000,43002.6,43074.7,42981.8,42994.2,178.984
1649293380000,42994.2,43095.9,42977.0,43041.1,141.453
1649293440000,43041.1,43041.1,42960.9,43011.0,79.7836
1649293500000,43011.0,43054.3,42970.2,42970.7,29.9332
1649293560000,42970.7,43004.9,42936.3,42948.4,47.3262
1649293620000,42948.4,43017.0,42932.5,43017.0,26.0006
1649293680000,43017.0,43179.2,43017.0,43141.9,114.829
1649293740000,43141.9,43176.3,43132.5,43169.9,54.0744
1649293800000,43169.8984375,43180.0,43089.5,43110.8984375,42.858699798583984
1649293860000,43110.8984375,43141.6015625,43093.0,43141.5,54.147098541259766
1649293920000,43141.6015625,43227.19921875,43141.5,43207.30078125,50.58290100097656
1649293980000,43207.30078125,43217.69921875,43139.5,43169.80078125,34.584800720214844
1649294040000,43169.8,43172.5,43133.4,43164.0,18.1429
1649294100000,43164.0,43223.7,43090.0,43090.0,27.5714
1649294160000,43090.0,43188.4,43070.3,43185.0,29.298
1649294220000,43185.0,43208.9,43161.7,43167.7,25.6527
1649294280000,43167.7,43167.7,43100.0,43101.3,22.9754
1649294340000,43101.3,43106.0,43011.3,43051.6,52.985
1649294400000,43051.6,43051.6,42970.0,43044.5,40.4546
1649294460000,43044.5,43111.6,43043.0,43110.7,33.6645
1649294520000,43110.7,43137.7,43070.0,43072.5,25.9641
1649294580000,43072.5,43129.2,43072.5,43115.8,37.565
1649294640000,43115.8,43134.4,43094.2,43132.6,30.0848
1649294700000,43132.6,43188.9,43132.6,43167.6,22.6479
1649294760000,43167.6,43200.0,43143.4,43200.0,37.9659
1649294820000,43200.0,43206.0,43150.0,43194.2,31.859
1649294880000,43194.2,43194.2,43167.6,43167.6,13.5361
1649294940000,43167.6,43196.9,43166.1,43190.9,18.013
1649295000000,43190.9,43206.3,43120.1,43185.4,29.4935
1649295060000,43185.4,43210.1,43179.2,43210.1,23.0508
1649295120000,43210.1,43229.2,43207.3,43229.2,21.4774
1649295180000,43229.19921875,43277.5,43217.69921875,43277.3984375,23.5851993560791
1649295240000,43277.3984375,43280.0,43252.6015625,43260.5,21.59480094909668
1649295300000,43260.5,43300.0,43260.5,43294.4,21.6327
1649295360000,43294.4,43300.0,43255.6,43260.0,29.1833
1649295420000,43260.0,43318.9,43260.0,43314.0,60.0717
1649295480000,43314.0,43320.3,43250.0,43267.8,18.6231
1649295540000,43267.8,43296.8,43252.7,43288.4,23.7662
1649295600000,43288.4,43296.8,43265.0,43289.8,18.0589
1649295660000,43289.8,43335.0,43285.0,43313.8,75.9097
1649295720000,43313.8,43333.9,43305.0,43333.8,13.6822
1649295780000,43333.8,43333.9,43268.9,43268.9,23.3516
1649295840000,43268.9,43329.6,43242.6,43325.3,36.3679
1649295900000,43325.3,43328.6,43248.2,43291.7,26.1434
1649295960000,43291.7,43302.8,43251.3,43261.1,20.6098
1649296020000,43261.1,43320.9,43245.1,43320.3,11.5167
1649296080000,43320.3,43347.4,43308.7,43339.3,22.6054
1649296140000,43339.3,43347.4,43301.0,43308.1,32.875
1649296200000,43308.0,43326.6,43275.7,43300.1,14.6083
1649296260000,43300.1,43337.4,43300.1,43334.4,13.7156
1649296320000,43334.3984375,43347.3984375,43332.80078125,43347.3984375,21.73579978942871
1649296380000,43347.3984375,43347.3984375,43337.30078125,43338.80078125,11.18649959564209
1649296440000,43338.80078125,43350.0,43338.80078125,43350.0,24.51740074157715
1649296500000,43350.0,43364.3984375,43333.8984375,43364.3984375,15.615400314331055
1649296560000,43364.3984375,43372.30078125,43326.8984375,43372.30078125,35.76470184326172
1649296620000,43372.30078125,43406.8984375,43372.30078125,43388.19921875,24.587900161743164
1649296680000,43388.19921875,43410.19921875,43366.8984375,43369.80078125,13.8371000289917
1649296740000,43369.8,43397.2,43360.0,43375.0,18.4237
1649296800000,43375.0,43430.0,43372.80078125,43397.30078125,34.97380065917969
1649296860000,43397.3,43397.7,43359.5,43359.5,25.4452
1649296920000,43359.5,43359.5,43294.4,43299.1,23.9072
1649296980000,43299.1015625,43336.6015625,43286.19921875,43336.6015625,21.834400177001953
1649297040000,43336.6015625,43369.30078125,43335.3984375,43341.8984375,16.588499069213867
1649297100000,43341.8984375,43344.80078125,43327.5,43342.8984375,14.002900123596191
1649297160000,43342.9,43343.0,43326.1,43326.1,5.89225
1649297220000,43326.1015625,43369.30078125,43326.1015625,43369.30078125,15.773699760437012
1649297280000,43369.3,43387.2,43352.9,43363.2,17.5453
1649297340000,43363.2,43368.6,43363.2,43365.3,7.32512
1649297400000,43365.30078125,43365.30078125,43310.0,43310.0,24.635299682617188
1649297460000,43310.0,43310.0,43289.8,43300.9,12.1286
1649297520000,43300.9,43317.5,43269.4,43317.5,20.4856
1649297580000,43317.5,43328.1015625,43291.0,43291.0,10.001700401306152
1649297640000,43291.0,43295.69921875,43269.30078125,43274.80078125,12.935199737548828
1649297700000,43274.80078125,43300.0,43266.8984375,43287.8984375,20.157499313354492
1649297760000,43287.8984375,43311.6015625,43287.8984375,43311.6015625,9.848440170288086
1649297820000,43311.6,43313.8,43287.7,43295.4,11.756
1649297880000,43295.3984375,43296.8984375,43274.8984375,43285.80078125,43.27000045776367
1649297940000,43285.80078125,43285.80078125,43264.0,43264.0,15.089699745178223
1649298000000,43264.0,43266.9,43235.8,43235.8,12.7513
1649298060000,43235.8,43235.8,43178.4,43193.6,33.072
1649298120000,43193.6,43229.6,43184.0,43224.4,14.4123
1649298180000,43224.3984375,43232.8984375,43181.80078125,43181.80078125,11.730400085449219
1649298240000,43181.80078125,43181.80078125,43142.0,43164.19921875,23.232099533081055
1649298300000,43164.1,43208.3,43160.1,43162.2,14.9555
1649298360000,43162.2,43183.3,43162.2,43170.3,14.6357
1649298420000,43170.4,43170.4,43130.2,43130.2,20.1861
1649298480000,43130.2,43164.9,43129.5,43129.5,18.8954
1649298540000,43129.5,43149.0,43129.5,43149.0,7.85577
1649298600000,43149.0,43201.0,43120.1,43174.2,41.7343
1649298660000,43174.2,43268.6,43174.2,43268.6,29.1723
1649298720000,43268.6015625,43269.30078125,43253.1015625,43265.69921875,17.863500595092773
1649298780000,43265.7,43265.7,43258.8,43261.9,6.66129
1649298840000,43261.9,43353.3,43261.9,43349.6,39.7376
1649298900000,43349.6015625,43351.5,43302.8984375,43308.0,18.06100082397461
1649298960000,43308.0,43332.5,43289.0,43319.6,17.9535
1649299020000,43319.6,43321.6,43282.8,43298.0,9.54319
1649299080000,43298.1015625,43347.3984375,43292.5,43340.69921875,47.605098724365234
1649299140000,43340.7,43346.8,43304.0,43304.3,36.4172
1649299200000,43304.3,43304.3,43280.9,43280.9,18.7371
1649299260000,43280.8984375,43280.8984375,43206.1015625,43217.8984375,24.267099380493164
1649299320000,43217.9,43234.9,43205.2,43231.6,11.5174
1649299380000,43231.5,43235.4,43220.5,43234.9,11.5918
1649299440000,43234.9,43234.9,43166.6,43195.3,54.7084
1649299500000,43195.30078125,43195.30078125,43174.30078125,43184.1015625,19.803199768066406
1649299560000,43184.1,43270.1,43184.1,43239.9,23.9357
1649299620000,43239.80078125,43244.1015625,43192.0,43221.19921875,15.526200294494629
1649299680000,43221.2,43221.2,43180.1,43183.6,21.9696
1649299740000,43183.6015625,43204.1015625,43166.19921875,43166.19921875,11.944100379943848
1649299800000,43166.2,43183.3,43156.0,43174.5,31.4608
1649299860000,43174.5,43216.7,43170.6,43192.4,22.0771
1649299920000,43192.4,43192.4,43177.0,43184.2,14.6603
1649299980000,43184.2,43202.6,43184.2,43201.8,7.93409
1649300040000,43201.8,43286.8,43201.8,43285.4,27.5828
1649300100000,43285.4,43340.4,43275.6,43328.0,16.9267
1649300160000,43328.0,43394.6,43327.5,43387.4,37.9453
1649300220000,43387.4,43392.1,43350.0,43388.0,25.5134
1649300280000,43388.0,43389.3,43342.6,43379.5,16.7408
1649300340000,43379.5,43379.5,43342.6,43350.9,11.5971
1649300400000,43350.9,43385.5,43343.0,43358.6,16.6309
1649300460000,43358.6,43367.3,43343.9,43357.8,21.139
1649300520000,43357.8,43357.8,43300.8,43313.1,19.3924
1649300580000,43313.1,43386.8,43300.8,43386.8,18.1432
1649300640000,43386.8,43393.2,43367.1,43381.5,24.7263
1649300700000,43381.5,43385.6015625,43333.0,43354.19921875,13.746000289916992
1649300760000,43354.2,43363.3,43332.8,43346.7,10.1196
1649300820000,43346.69921875,43393.19921875,43346.6015625,43393.19921875,24.33679962158203
1649300880000,43393.2,43400.0,43383.8,43400.0,16.9163
1649300940000,43400.0,43410.0,43353.5,43361.5,41.807
1649301000000,43361.5,43376.8,43361.5,43370.7,9.98446
1649301060000,43370.7,43370.7,43307.9,43307.9,22.788
1649301120000,43307.9,43311.6,43285.1,43285.3,19.2476
1649301180000,43285.3,43287.3,43274.3,43287.3,13.5169
1649301240000,43287.3,43287.3,43237.5,43269.3,31.224
1649301300000,43269.3,43277.7,43240.0,43240.6,22.7042
1649301360000,43240.6,43256.9,43230.2,43244.2,7.79316
1649301420000,43244.2,43273.4,43244.2,43272.2,8.82121
1649301480000,43272.1,43272.2,43241.4,43244.7,12.9896
1649301540000,43244.69921875,43335.3984375,43244.69921875,43335.3984375,26.018699645996094
1649301600000,43335.4,43336.7,43267.7,43277.4,24.7532
1649301660000,43277.4,43291.0,43241.8,43247.7,28.1515
1649301720000,43247.7,43247.7,43230.9,43230.9,16.6934
1649301780000,43230.8984375,43233.3984375,43220.19921875,43231.1015625,14.561100006103516
1649301840000,43231.1,43292.5,43231.1,43240.0,52.4751
1649301900000,43240.0,43247.7,43235.8,43235.8,11.9295
1649301960000,43235.8,43259.2,43220.3,43222.1,18.32
1649302020000,43222.1,43230.4,43197.7,43197.7,18.6325
1649302080000,43197.69921875,43207.30078125,43196.0,43196.0,16.793100357055664
1649302140000,43196.0,43222.0,43196.0,43196.9,23.5383
1649302200000,43196.9,43227.7,43195.8,43201.4,45.0685
1649302260000,43201.4,43201.4,43170.6,43184.6,16.0922
1649302320000,43184.7,43184.7,43157.0,43180.0,25.4305
1649302380000,43180.0,43267.1,43180.0,43232.1,28.7943
1649302440000,43232.1,43265.2,43232.1,43238.3,10.0994
1649302500000,43238.30078125,43280.19921875,43235.69921875,43279.3984375,25.23539924621582
1649302560000,43279.3984375,43294.1015625,43264.19921875,43287.69921875,20.233999252319336
1649302620000,43287.69921875,43299.8984375,43287.69921875,43299.8984375,14.157699584960938
1649302680000,43299.8984375,43299.8984375,43291.0,43296.8984375,8.145999908447266
1649302740000,43296.9,43309.0,43296.9,43309.0,14.3188
1649302800000,43309.0,43311.4,43283.2,43311.4,14.3424
1649302860000,43311.4,43315.4,43292.8,43292.8,12.9715
1649302920000,43292.8,43325.2,43292.8,43313.0,19.5906
1649302980000,43309.0,43312.9,43254.3,43265.3,12.2897
1649303040000,43265.30078125,43305.30078125,43261.6015625,43302.1015625,15.046600341796875
1649303100000,43302.1,43303.3,43284.1,43284.1,8.39758
1649303160000,43284.1,43284.1,43227.7,43251.3,14.8507
1649303220000,43251.3,43321.7,43251.3,43293.5,27.4242
1649303280000,43293.5,43299.4,43231.3,43280.4,41.3321
1649303340000,43280.4,43315.0,43218.7,43306.4,50.2621
1649303400000,43306.4,43318.1,43301.7,43301.9,21.0094
1649303460000,43301.9,43339.0,43301.9,43339.0,15.5328
1649303520000,43339.0,43380.0,43339.0,43353.6,20.7601
1649303580000,43353.6,43384.9,43353.6,43380.0,25.6832
1649303640000,43380.0,43391.2,43380.0,43383.9,15.0456
1649303700000,43383.9,43390.7,43349.8,43373.2,34.1016
1649303760000,43373.2,43383.5,43343.4,43343.4,13.5565
1649303820000,43343.3984375,43349.3984375,43302.6015625,43302.6015625,34.045799255371094
1649303880000,43302.6015625,43331.19921875,43300.0,43321.3984375,16.043699264526367
1649303940000,43321.3984375,43343.3984375,43294.0,43294.0,27.99650001525879
1649304000000,43294.0,43324.2,43287.1,43287.2,25.8109
1649304060000,43287.2,43294.5,43275.4,43277.9,10.785
1649304120000,43277.9,43291.2,43273.2,43286.8,19.922
1649304180000,43286.80078125,43332.30078125,43286.80078125,43331.5,34.96760177612305
1649304240000,43331.5,43347.8,43331.5,43347.8,13.8143
1649304300000,43347.8,43365.4,43347.8,43348.5,35.6562
1649304360000,43348.5,43348.8,43293.1,43333.6,27.4794
1649304420000,43333.6,43353.4,43330.0,43332.4,12.9915
1649304480000,43332.3984375,43345.30078125,43313.6015625,43331.69921875,11.963899612426758
1649304540000,43331.69921875,43349.80078125,43331.69921875,43343.5,18.926599502563477
1649304600000,43343.5,43343.5,43321.4,43324.9,11.8246
1649304660000,43324.9,43360.4,43324.9,43360.4,5.46549
1649304720000,43360.3984375,43360.3984375,43330.19921875,43330.19921875,15.394800186157227
1649304780000,43330.19921875,43330.19921875,43242.8984375,43250.6015625,25.6643009185791
1649304840000,43250.7,43294.2,43242.9,43242.9,14.0843
1649304900000,43242.9,43269.0,43210.5,43269.0,23.3591
1649304960000,43269.0,43283.1,43225.9,43283.1,16.9038
1649305020000,43283.1,43283.1,43246.5,43246.6,12.1081
1649305080000,43246.6015625,43275.8984375,43244.1015625,43269.3984375,18.46769905090332
1649305140000,43269.4,43289.6,43269.4,43286.0,8.04323
1649305200000,43286.0,43312.5,43279.5,43291.1,22.3036
1649305260000,43291.1,43305.3,43291.1,43303.0,10.5511
1649305320000,43303.0,43305.3,43283.3,43296.1,18.9479
1649305380000,43296.1015625,43314.69921875,43294.19921875,43311.5,11.362500190734863
1649305440000,43311.5,43326.8,43311.5,43319.3,14.373
1649305500000,43319.30078125,43346.1015625,43317.30078125,43338.1015625,27.686100006103516
1649305560000,43338.1,43362.1,43338.1,43358.4,12.6913
1649305620000,43358.4,43361.0,43340.1,43361.0,10.9699
1649305680000,43361.0,43361.0,43333.69921875,43340.80078125,9.625860214233398
1649305740000,43340.8,43358.3,43340.8,43358.3,10.8065
1649305800000,43358.3,43367.7,43334.4,43339.5,9.98869
1649305860000,43339.5,43356.8,43331.3,43331.3,8.61566
1649305920000,43331.3,43350.7,43320.0,43350.7,15.4923
1649305980000,43350.7,43358.7,43350.7,43358.1,12.8413
1649306040000,43358.1,43366.4,43336.6,43362.1,12.869
1649306100000,43362.1015625,43368.8984375,43352.6015625,43368.80078125,11.424599647521973
1649306160000,43368.8984375,43395.1015625,43368.80078125,43390.30078125,20.825199127197266
1649306220000,43390.3,43391.8,43369.6,43389.6,10.9094
1649306280000,43389.6,43393.0,43339.7,43371.0,11.5376
1649306340000,43371.0,43385.2,43369.6,43385.2,14.3504
1649306400000,43385.2,43385.2,43347.2,43347.9,22.3168
1649306460000,43347.9,43363.0,43347.9,43360.0,20.5759
1649306520000,43360.0,43364.0,43320.7,43320.7,10.8981
1649306580000,43320.7,43327.0,43288.3,43303.2,21.0109
1649306640000,43303.2,43303.2,43282.8,43291.6,9.09658
1649306700000,43291.6,43308.1,43269.4,43308.1,23.8615
1649306760000,43308.1015625,43383.69921875,43308.1015625,43380.0,30.452299118041992
1649306820000,43380.0,43380.0,43360.80078125,43371.30078125,6.109539985656738
1649306880000,43371.3,43405.0,43371.3,43401.8,28.0162
1649306940000,43401.8,43460.6,43394.8,43458.1,144.852
1649307000000,43458.1,43464.8,43445.2,43462.5,23.6616
1649307060000,43462.5,43487.19921875,43462.5,43476.30078125,37.99919891357422
1649307120000,43476.3,43494.5,43466.8,43489.2,17.5975
1649307180000,43489.2,43489.2,43422.5,43434.8,29.1375
1649307240000,43434.80078125,43450.30078125,43414.3984375,43442.80078125,22.678300857543945
1649307300000,43442.80078125,43442.80078125,43416.6015625,43420.80078125,20.486600875854492
1649307360000,43420.80078125,43422.80078125,43400.0,43415.1015625,25.06570053100586
1649307420000,43415.1015625,43415.1015625,43396.0,43411.19921875,10.80840015411377
1649307480000,43411.2,43424.2,43397.6,43405.8,12.1663
1649307540000,43405.8,43432.0,43395.6,43395.6,10.997
1649307600000,43395.6,43422.3,43387.7,43395.1,14.6901
1649307660000,43395.1,43430.6,43383.4,43428.8,17.5217
1649307720000,43428.8,43465.2,43423.7,43437.3,28.2983
1649307780000,43437.3,43437.3,43356.6,43380.4,42.2875
1649307840000,43380.4,43380.4,43290.0,43333.3,151.267
1649307900000,43333.30078125,43333.30078125,43301.6015625,43306.69921875,17.533000946044922
1649307960000,43306.7,43333.4,43303.3,43304.4,23.7266
1649308020000,43304.4,43325.1,43304.4,43316.9,18.5771
1649308080000,43316.8984375,43343.8984375,43316.8984375,43322.30078125,23.546600341796875
1649308140000,43322.3,43335.2,43302.6,43335.2,16.1856
1649308200000,43335.2,43341.8,43282.0,43313.6,44.8911
1649308260000,43313.6,43313.6,43296.7,43303.3,9.75006
1649308320000,43303.3,43320.0,43303.3,43313.7,13.7962
1649308380000,43313.7,43321.3,43310.9,43321.3,7.91899
