T,bp,bs,ap,as
1649321610694,43488.43,12.05653,43488.44,0.07796
1649321610694,43488.41,0.05528,43490.0,0.02333
1649321610694,43488.39,0.20014,43490.03,0.00557
1649321610694,43488.01,0.3104,43490.28,0.01151
1649321610694,43488.0,0.17708,43490.29,0.0808
1649321610694,43485.92,0.10292,43490.5,1.02479
1649321610694,43485.7,0.31042,43490.56,0.00427
1649321610694,43484.99,0.11582,43490.73,1.01835
1649321610694,43484.5,0.75,43491.1,0.05536
1649321610694,43484.42,0.00375,43491.23,0.0144
1649321610694,43484.04,0.34487,43491.94,0.00259
1649321610694,43483.98,0.08921,43491.97,0.01246
1649321610694,43483.0,0.00097,43492.06,0.0005
1649321610694,43482.01,0.11497,43492.28,0.0023
1649321610694,43481.91,0.00825,43492.83,0.32
1649321610694,43481.89,0.04342,43493.0,0.01161
1649321610694,43481.79,0.31045,43493.33,0.75
1649321610694,43481.63,0.00045,43493.36,0.24
1649321610694,43481.62,0.04342,43494.14,0.32
1649321610694,43481.61,0.36,43494.47,0.23
1649321611695,43488.43,13.38015,43488.44,0.03412
1649321611695,43488.39,0.20014,43490.0,0.02333
1649321611695,43488.01,0.3104,43490.03,0.00557
1649321611695,43488.0,0.17708,43490.22,0.05115
1649321611695,43485.92,0.10292,43490.28,0.01151
1649321611695,43485.7,0.31042,43490.56,0.00427
1649321611695,43485.33,0.22993,43490.73,1.01835
1649321611695,43484.99,0.00085,43491.1,0.05536
1649321611695,43484.5,0.75,43491.23,0.0144
1649321611695,43484.42,0.00375,43491.94,0.00259
1649321611695,43484.28,0.06516,43491.97,0.01246
1649321611695,43484.04,0.34487,43492.06,0.0005
1649321611695,43483.98,0.08921,43492.28,0.0023
1649321611695,43483.0,0.00097,43492.82,0.51147
1649321611695,43481.91,0.00825,43492.83,0.32
1649321611695,43481.89,0.04342,43493.0,0.01161
1649321611695,43481.79,0.31045,43493.33,0.75
1649321611695,43481.63,0.00045,43493.36,0.24
1649321611695,43481.62,0.04342,43494.14,0.32
1649321611695,43481.61,0.36,43494.47,0.23
1649321613697,43495.58,6.63345,43495.59,0.2
1649321613697,43494.55,0.12581,43495.63,0.0003
1649321613697,43494.46,0.31033,43496.09,0.03
1649321613697,43494.45,0.25,43496.11,0.0034
1649321613697,43494.4,0.25,43496.68,0.00431
1649321613697,43494.39,0.17705,43497.0,0.00054
1649321613697,43494.22,0.37581,43497.12,0.0013
1649321613697,43492.06,0.76605,43497.37,0.08
1649321613697,43492.05,0.20389,43497.46,0.19563
1649321613697,43491.94,0.2732,43497.89,0.16
1649321613697,43491.93,1.72739,43498.33,0.08
1649321613697,43491.09,0.3,43498.76,0.08
1649321613697,43490.83,1.19577,43499.0,0.00025
1649321613697,43490.02,0.09342,43499.11,0.09
1649321613697,43490.0,0.2279,43499.87,0.75
1649321613697,43489.99,0.36301,43500.0,0.28993
1649321613697,43489.06,0.00731,43500.01,0.00147
1649321613697,43488.55,0.11496,43500.8,0.0008
1649321613697,43488.44,0.00026,43501.0,0.0009
1649321613697,43488.43,0.56652,43501.11,0.582
1649321614694,43499.12,7.29967,43499.13,0.08898
1649321614694,43498.68,0.05714,43499.95,0.00426
1649321614694,43498.28,0.31033,43500.0,0.28993
1649321614694,43498.27,0.75,43500.01,0.01092
1649321614694,43496.99,0.3,43500.8,0.0008
1649321614694,43496.68,1.42752,43501.0,0.0009
1649321614694,43496.49,1.16,43501.1,0.82486
1649321614694,43496.45,1.27665,43501.11,0.59044
1649321614694,43496.38,1.05383,43501.48,0.23015
1649321614694,43496.11,0.23371,43501.66,1.16714
1649321614694,43496.1,0.04552,43502.59,0.00345
1649321614694,43496.09,0.2279,43503.45,0.00202
1649321614694,43496.08,0.24701,43503.61,0.75
1649321614694,43495.63,0.2279,43504.23,0.00108
1649321614694,43495.62,0.04552,43504.35,0.01959
1649321614694,43495.59,0.2279,43505.0,0.24825
1649321614694,43495.58,0.52752,43505.59,1.21696
1649321614694,43494.55,0.12581,43506.27,3.82632
1649321614694,43494.46,0.31033,43506.39,0.24
1649321614694,43494.39,0.17705,43506.54,0.00108
1649321616692,43499.12,0.63288,43499.13,13.18801
1649321616692,43498.75,0.00863,43499.2,0.75
1649321616692,43498.7,0.05714,43499.33,0.32
1649321616692,43498.63,0.008,43499.95,0.01603
1649321616692,43498.56,0.00374,43500.0,0.29557
1649321616692,43498.07,0.0249,43500.01,0.01092
1649321616692,43496.6,0.00565,43500.8,0.0008
1649321616692,43496.11,0.23371,43501.0,0.00549
1649321616692,43495.62,0.04552,43501.1,0.82486
1649321616692,43495.58,0.04552,43501.11,0.59044
1649321616692,43494.47,0.31813,43501.48,0.23015
1649321616692,43494.46,0.31033,43501.66,1.16714
1649321616692,43493.82,0.1232,43502.5,0.31036
1649321616692,43493.59,0.75,43502.59,0.00345
1649321616692,43492.88,0.05,43503.45,0.00202
1649321616692,43492.6,0.00869,43503.48,0.36
1649321616692,43492.05,0.08894,43503.59,0.02299
1649321616692,43490.02,0.04342,43504.23,0.00108
1649321616692,43490.01,0.48084,43504.35,0.01584
1649321616692,43490.0,0.2279,43505.0,0.25315
1649321618693,43499.12,0.33095,43499.13,13.54566
1649321618693,43498.7,0.05714,43499.2,0.75
1649321618693,43498.63,0.008,43499.95,0.01603
1649321618693,43498.56,0.00374,43499.97,0.07175
1649321618693,43498.41,0.023,43500.0,0.29557
1649321618693,43496.6,0.00565,43500.01,0.01092
1649321618693,43496.11,0.00045,43500.8,0.0008
1649321618693,43495.62,0.04552,43501.0,0.00549
1649321618693,43495.58,0.04552,43501.1,0.82486
1649321618693,43493.82,0.1232,43501.11,0.59044
1649321618693,43492.6,0.00869,43501.48,0.23015
1649321618693,43492.47,0.25168,43501.66,1.16714
1649321618693,43492.46,0.75,43502.5,0.31036
1649321618693,43492.05,0.08894,43502.59,0.00345
1649321618693,43490.02,0.04342,43503.45,0.00202
1649321618693,43490.01,0.48084,43503.48,0.36
1649321618693,43490.0,0.2279,43503.59,0.02299
1649321618693,43489.99,0.36301,43504.22,0.023
1649321618693,43488.69,0.68926,43504.23,0.00108
1649321618693,43488.43,1.24676,43504.35,0.01584
1649321620691,43499.12,4.47755,43499.13,5.49987
1649321620691,43498.7,0.06577,43499.95,0.01603
1649321620691,43498.67,0.14957,43500.0,0.28993
1649321620691,43498.63,0.008,43500.01,0.01092
1649321620691,43498.56,0.00374,43500.37,0.75
1649321620691,43497.02,0.05426,43500.8,0.0008
1649321620691,43496.85,0.75,43501.0,0.00549
1649321620691,43496.84,0.05426,43501.1,0.82486
1649321620691,43496.6,0.00565,43501.11,0.59044
1649321620691,43496.11,0.00045,43501.48,0.23015
1649321620691,43495.74,0.31035,43501.66,1.16714
1649321620691,43495.62,0.04552,43502.59,0.11839
1649321620691,43495.58,0.04552,43503.45,0.00202
1649321620691,43494.77,0.36,43503.59,0.02299
1649321620691,43493.82,0.23814,43504.22,0.023
1649321620691,43492.6,0.00869,43504.23,0.00108
1649321620691,43492.05,0.08894,43504.35,0.01584
1649321620691,43490.02,0.04342,43505.0,0.25315
1649321620691,43490.01,0.48084,43505.32,0.00564
1649321620691,43490.0,0.2279,43506.16,1.18359
1649321621699,43499.12,4.95717,43499.13,1.04035
1649321621699,43498.7,0.06577,43499.95,0.01603
1649321621699,43498.67,0.14957,43500.0,0.28993
1649321621699,43498.63,0.008,43500.01,0.01092
1649321621699,43498.56,0.00374,43500.39,0.08
1649321621699,43498.1,0.31033,43500.8,0.0008
1649321621699,43497.02,0.05426,43501.0,0.00549
1649321621699,43496.85,0.75,43501.1,0.82486
1649321621699,43496.84,0.05426,43501.11,0.59044
1649321621699,43496.6,0.00565,43501.48,0.23015
1649321621699,43496.11,0.00045,43501.66,1.16714
1649321621699,43495.74,0.42529,43501.69,0.1
1649321621699,43495.62,0.04552,43501.74,0.08
1649321621699,43495.58,0.04552,43502.08,0.11
1649321621699,43494.77,0.36,43502.59,0.00345
1649321621699,43493.82,0.1232,43502.74,0.75
1649321621699,43492.6,0.00869,43503.34,0.27494
1649321621699,43492.05,0.08894,43503.45,0.00202
1649321621699,43490.02,0.04342,43503.59,0.02299
1649321621699,43490.01,0.48084,43504.23,0.00108
1649321623695,43499.12,4.0432,43499.13,6.81812
1649321623695,43498.7,0.06577,43499.56,0.07175
1649321623695,43498.69,0.1076,43499.95,0.01603
1649321623695,43498.63,0.008,43500.0,0.28993
1649321623695,43498.56,0.00374,43500.01,0.01092
1649321623695,43496.97,0.05395,43500.8,0.11574
1649321623695,43496.6,0.00565,43501.0,0.00549
1649321623695,43496.11,0.00045,43501.1,0.82486
1649321623695,43495.62,0.04552,43501.11,0.59044
1649321623695,43495.58,0.04552,43501.48,0.23015
1649321623695,43495.35,0.75,43501.49,0.32
1649321623695,43494.77,0.36,43501.57,0.00564
1649321623695,43493.82,0.1232,43501.66,1.16714
1649321623695,43492.69,0.11494,43502.59,0.00345
1649321623695,43492.6,0.00434,43502.74,0.75
1649321623695,43492.05,0.08894,43502.79,0.32
1649321623695,43490.69,0.32259,43502.84,0.24
1649321623695,43490.02,0.04342,43503.19,0.32
1649321623695,43490.01,0.48084,43503.45,0.00202
1649321623695,43490.0,0.2279,43503.48,0.36
1649321625695,43499.12,1.11033,43499.13,11.36045
1649321625695,43498.7,0.06577,43499.56,0.00275
1649321625695,43498.63,0.008,43499.95,0.01603
1649321625695,43498.56,0.00374,43500.0,0.28993
1649321625695,43496.6,0.00565,43500.01,0.01092
1649321625695,43496.27,0.31035,43500.8,0.11574
1649321625695,43496.11,0.00045,43501.0,0.00549
1649321625695,43495.62,0.04552,43501.1,0.82486
1649321625695,43495.58,0.04552,43501.11,0.59044
1649321625695,43495.36,0.33308,43501.48,0.23015
1649321625695,43495.35,0.75,43501.49,0.32
1649321625695,43494.77,0.36,43501.57,0.00564
1649321625695,43493.82,0.1232,43501.66,1.16714
1649321625695,43492.69,0.11494,43502.59,0.00345
1649321625695,43492.05,0.08894,43502.74,0.75
1649321625695,43490.69,0.32259,43502.79,0.32
1649321625695,43490.02,0.04342,43502.84,0.24
1649321625695,43490.01,0.48084,43503.19,0.32
1649321625695,43490.0,0.2279,43503.45,0.00202
1649321625695,43489.99,0.36301,43503.48,0.36
1649321627697,43499.12,10.44802,43499.13,0.14983
1649321627697,43498.7,0.06577,43499.95,0.01603
1649321627697,43498.69,0.15573,43499.99,0.08228
1649321627697,43498.63,0.008,43500.0,0.28993
1649321627697,43498.56,0.00374,43500.01,0.01092
1649321627697,43498.46,0.31033,43500.8,0.0008
1649321627697,43496.6,0.12059,43501.0,0.00549
1649321627697,43496.27,0.31035,43501.1,0.82486
1649321627697,43496.11,0.00045,43501.11,0.59044
1649321627697,43495.62,0.04552,43501.48,0.23015
1649321627697,43495.58,0.04552,43501.49,0.32
1649321627697,43495.36,0.33308,43501.66,1.16714
1649321627697,43495.35,0.75,43502.59,0.00345
1649321627697,43495.34,0.08522,43502.79,0.32
1649321627697,43494.77,0.36,43502.84,0.24
1649321627697,43494.16,0.11494,43503.19,0.32
1649321627697,43493.82,0.1232,43503.45,0.00202
1649321627697,43492.93,0.34479,43503.56,0.75
1649321627697,43492.6,0.00361,43504.23,0.11602
1649321627697,43492.3,0.34481,43504.35,0.01584
1649321629696,43499.12,14.32602,43499.13,0.09372
1649321629696,43498.71,0.31033,43499.95,0.01603
1649321629696,43498.7,0.06577,43499.99,0.02278
1649321629696,43498.69,0.15573,43500.0,0.29765
1649321629696,43498.63,0.008,43500.01,0.01092
1649321629696,43498.56,0.00374,43500.8,0.0008
1649321629696,43498.15,0.11493,43501.0,0.00549
1649321629696,43496.6,0.12059,43501.1,0.82486
1649321629696,43496.27,0.31035,43501.11,0.59044
1649321629696,43496.11,0.00045,43501.48,0.23015
1649321629696,43495.62,0.04552,43501.66,1.16714
1649321629696,43495.58,0.04552,43502.59,0.00345
1649321629696,43495.36,0.33308,43503.45,0.00202
1649321629696,43495.35,0.75,43503.95,0.23494
1649321629696,43495.34,0.08522,43504.23,0.00108
1649321629696,43494.77,0.36,43504.35,0.01584
1649321629696,43494.37,0.34477,43505.0,0.25315
1649321629696,43494.07,1.12429,43505.25,0.87
1649321629696,43493.82,0.1232,43505.3,0.24
1649321629696,43492.93,0.34479,43505.64,0.01
1649321630696,43499.12,14.42575,43499.13,0.09995
1649321630696,43498.84,0.05715,43499.94,0.02278
1649321630696,43498.71,0.31033,43499.95,0.01603
1649321630696,43498.69,0.15573,43500.0,0.29765
1649321630696,43498.63,0.008,43500.01,0.01092
1649321630696,43498.56,0.00374,43500.8,0.0008
1649321630696,43498.15,0.11493,43501.0,0.00549
1649321630696,43496.6,0.12059,43501.1,0.82486
1649321630696,43496.27,0.31035,43501.11,0.59044
1649321630696,43496.11,0.00045,43501.48,0.23015
1649321630696,43495.62,0.04552,43501.66,1.16714
1649321630696,43495.58,0.04552,43502.59,0.00345
1649321630696,43495.36,0.33308,43503.45,0.00202
1649321630696,43495.35,0.75,43503.95,0.23494
1649321630696,43495.34,0.08522,43504.23,0.00108
1649321630696,43494.77,0.36,43504.35,0.01584
1649321630696,43494.37,0.34477,43505.0,0.25315
1649321630696,43494.07,1.12429,43505.25,0.87
1649321630696,43493.82,0.1232,43505.3,0.24
1649321630696,43492.93,0.34479,43505.64,0.01
1649321632695,43499.94,0.44769,43499.95,11.88157
1649321632695,43499.48,0.00863,43500.0,0.29765
1649321632695,43499.45,0.008,43500.01,0.01092
1649321632695,43499.44,0.00147,43500.66,0.00537
1649321632695,43499.31,0.05785,43500.8,0.0008
1649321632695,43499.12,0.184,43500.82,0.00563
1649321632695,43498.56,0.00374,43500.89,0.75
1649321632695,43496.6,0.00565,43501.0,0.00549
1649321632695,43496.11,0.00045,43501.1,0.82486
1649321632695,43495.62,0.04552,43501.11,0.59044
1649321632695,43495.58,0.04552,43501.48,0.23015
1649321632695,43495.36,0.33308,43501.66,1.16714
1649321632695,43495.35,0.75,43501.7,0.00412
1649321632695,43494.37,0.34477,43502.59,0.00345
1649321632695,43493.82,0.1232,43503.4,0.31036
1649321632695,43493.61,0.11494,43503.45,0.00202
1649321632695,43492.94,0.02288,43504.29,0.02299
1649321632695,43492.93,0.34479,43504.3,0.36
1649321632695,43492.6,0.00544,43504.35,0.01584
1649321632695,43492.3,0.45975,43505.0,0.25315
1649321634695,43496.79,1.29409,43496.8,5.52697
1649321634695,43496.75,0.4,43498.0,0.11899
1649321634695,43496.31,0.008,43498.2,1.02479
1649321634695,43496.11,0.00045,43498.24,0.32
1649321634695,43495.62,0.04552,43498.56,0.75453
1649321634695,43495.58,0.04552,43498.57,1.5
1649321634695,43493.93,0.29648,43499.05,0.31039
1649321634695,43493.92,0.75,43499.07,0.03597
1649321634695,43493.82,0.1232,43499.55,0.32
1649321634695,43492.94,0.02288,43499.59,0.24
1649321634695,43492.6,0.00544,43499.69,0.05678
1649321634695,43492.3,0.34481,43499.94,0.2279
1649321634695,43492.05,0.08894,43499.95,0.49876
1649321634695,43490.37,0.11602,43500.0,0.29765
1649321634695,43490.02,0.04342,43500.01,0.01092
1649321634695,43490.01,0.48084,43500.66,0.00537
1649321634695,43490.0,0.2279,43500.8,0.0008
1649321634695,43489.99,0.36301,43500.82,0.00563
1649321634695,43488.76,0.11495,43501.0,0.00549
1649321634695,43488.43,1.24676,43501.06,0.11495
1649321636700,43496.75,9.99887,43496.76,2.75763
1649321636700,43496.31,0.008,43496.8,0.30357
1649321636700,43496.19,0.00309,43497.3,0.12466
1649321636700,43496.11,0.00045,43497.75,0.00432
1649321636700,43495.62,0.04552,43498.14,0.2
1649321636700,43495.58,0.04552,43498.55,0.02
1649321636700,43495.49,0.00421,43499.45,0.08
1649321636700,43493.93,0.29648,43499.55,0.27495
1649321636700,43493.92,0.75,43499.8,0.1
1649321636700,43493.82,0.1232,43499.95,0.06707
1649321636700,43492.6,0.00544,43500.0,0.29833
1649321636700,43492.3,0.45976,43500.01,0.01092
1649321636700,43492.05,0.08894,43500.24,0.75
1649321636700,43490.37,0.00108,43500.8,0.0008
1649321636700,43490.02,0.04342,43500.82,0.00563
1649321636700,43490.01,0.48084,43501.0,0.00549
1649321636700,43490.0,0.2279,43501.06,0.11495
1649321636700,43489.99,0.36301,43501.1,0.82486
1649321636700,43488.99,0.32267,43501.11,0.59044
1649321636700,43488.77,0.01858,43501.48,0.23015
1649321638697,43496.75,9.33767,43496.76,2.55331
1649321638697,43496.31,0.008,43496.8,0.19263
1649321638697,43496.19,0.00309,43497.24,0.08
1649321638697,43496.13,0.12414,43497.75,0.00432
1649321638697,43496.11,0.00045,43498.55,0.16
1649321638697,43495.88,0.1583,43498.9,0.09
1649321638697,43495.62,0.04552,43499.95,0.06752
1649321638697,43495.58,0.04552,43500.0,0.29833
1649321638697,43495.49,0.00421,43500.01,0.01092
1649321638697,43493.93,0.29648,43500.24,0.86495
1649321638697,43493.92,0.75,43500.8,0.0008
1649321638697,43493.82,0.1232,43500.85,0.16
1649321638697,43493.37,0.31037,43501.0,0.00549
1649321638697,43492.59,0.22989,43501.1,0.82486
1649321638697,43492.3,0.34481,43501.11,0.59044
1649321638697,43492.05,0.08894,43501.48,0.23015
1649321638697,43490.37,0.00108,43501.66,1.16714
1649321638697,43490.02,0.04342,43502.59,0.00345
1649321638697,43490.01,0.48084,43503.4,0.31036
1649321638697,43490.0,0.2279,43503.45,0.00202
1649321640698,43496.75,3.96788,43496.76,5.38837
1649321640698,43496.31,0.008,43496.8,0.19914
1649321640698,43496.19,0.00309,43497.22,0.12466
1649321640698,43496.16,0.12414,43497.24,0.08
1649321640698,43496.11,0.00045,43497.75,0.11927
1649321640698,43495.62,0.04552,43498.55,0.32
1649321640698,43495.58,0.04552,43498.9,0.09
1649321640698,43495.49,0.00421,43499.26,1.5
1649321640698,43494.65,0.75,43499.81,0.31038
1649321640698,43493.82,0.1232,43499.95,0.06752
1649321640698,43492.59,0.11494,43500.0,0.29833
1649321640698,43492.3,0.34481,43500.01,0.01092
1649321640698,43492.05,0.04552,43500.24,0.75
1649321640698,43490.37,0.11603,43500.8,0.0008
1649321640698,43490.05,0.04446,43501.0,0.00549
1649321640698,43490.01,0.48084,43501.1,0.82486
1649321640698,43490.0,0.2279,43501.11,0.00844
1649321640698,43489.99,0.36301,43501.48,0.23015
1649321640698,43488.99,0.32267,43501.66,1.16714
1649321640698,43488.77,0.01858,43502.59,0.00345
1649321641697,43496.75,0.8081,43496.76,7.34294
1649321641697,43496.31,0.008,43496.8,0.19914
1649321641697,43496.19,0.00309,43497.22,0.12466
1649321641697,43496.17,0.06599,43497.24,0.08
1649321641697,43496.11,0.00045,43497.54,0.00423
1649321641697,43495.62,0.04552,43498.55,0.43495
1649321641697,43495.58,0.04552,43498.9,0.09
1649321641697,43495.49,0.00421,43499.26,1.5
1649321641697,43493.83,0.26203,43499.81,0.31038
1649321641697,43493.82,0.1232,43499.95,0.0682
1649321641697,43493.42,0.75,43500.0,0.29833
1649321641697,43492.59,0.11494,43500.01,0.01092
1649321641697,43492.3,0.34481,43500.24,0.75
1649321641697,43492.05,0.04552,43500.8,0.0008
1649321641697,43490.37,0.11603,43501.0,0.00549
1649321641697,43490.01,0.48084,43501.1,0.82486
1649321641697,43490.0,0.2279,43501.11,0.00844
1649321641697,43489.99,0.36301,43501.48,0.23015
1649321641697,43488.99,0.32267,43501.66,1.16714
1649321641697,43488.77,0.01858,43502.59,0.00345
1649321643702,43496.75,1.56818,43496.76,8.26147
1649321643702,43496.31,0.008,43496.8,0.19914
1649321643702,43496.19,0.00309,43497.22,0.12466
1649321643702,43496.17,0.06599,43497.24,0.08
1649321643702,43496.11,0.00045,43497.54,0.00423
1649321643702,43495.62,0.04552,43498.55,0.43495
1649321643702,43495.58,0.04552,43498.9,0.09
1649321643702,43495.49,0.00421,43499.13,0.00264
1649321643702,43493.82,0.1232,43499.26,1.5
1649321643702,43492.3,0.34481,43499.81,0.31038
1649321643702,43492.11,0.75,43499.95,0.0682
1649321643702,43492.05,0.04552,43500.0,1.39501
1649321643702,43490.37,0.11603,43500.01,0.01092
1649321643702,43490.01,0.48084,43500.24,0.75
1649321643702,43490.0,0.2279,43500.8,0.0008
1649321643702,43489.99,0.36301,43500.98,0.11496
1649321643702,43488.99,0.32267,43501.0,0.00549
1649321643702,43488.83,0.11496,43501.1,0.82486
1649321643702,43488.77,0.01858,43501.11,0.00844
1649321643702,43488.44,0.025,43501.48,0.23015
1649321645706,43496.75,10.41924,43496.76,1.12077
1649321645706,43496.31,0.008,43496.8,0.19051
1649321645706,43496.19,0.00309,43497.54,0.00423
1649321645706,43496.17,0.06599,43498.85,0.01
1649321645706,43496.11,0.00045,43499.13,0.00264
1649321645706,43495.97,0.12414,43499.26,1.5
1649321645706,43495.88,0.22515,43499.4,0.02
1649321645706,43495.62,0.04552,43499.5,0.04
1649321645706,43495.58,0.04552,43499.95,0.0682
1649321645706,43495.56,0.75,43500.0,1.39501
1649321645706,43495.49,0.00421,43500.01,0.01092
1649321645706,43493.82,0.23814,43500.24,0.75
1649321645706,43493.53,0.31037,43500.8,0.11575
1649321645706,43492.3,0.45976,43501.0,0.00549
1649321645706,43492.05,0.04552,43501.1,0.82486
1649321645706,43490.37,0.00108,43501.11,0.00844
1649321645706,43490.01,0.48084,43501.48,0.23015
1649321645706,43490.0,0.2279,43501.66,1.16714
1649321645706,43489.99,0.36301,43501.71,0.08
1649321645706,43488.99,0.32267,43502.11,0.16
1649321647699,43496.75,14.05341,43496.76,0.4357
1649321647699,43496.31,0.008,43496.8,0.00651
1649321647699,43496.2,0.00418,43496.81,0.00863
1649321647699,43496.19,0.00309,43497.53,0.00193
1649321647699,43496.17,0.06599,43497.54,0.00423
1649321647699,43496.11,0.00045,43499.13,0.00264
1649321647699,43495.97,0.12414,43499.26,1.5
1649321647699,43495.88,0.22515,43499.8,0.00024
1649321647699,43495.75,0.31035,43499.95,0.01492
1649321647699,43495.62,0.04552,43500.0,1.39433
1649321647699,43495.58,0.04552,43500.01,0.01092
1649321647699,43495.56,0.75,43501.0,0.00459
1649321647699,43493.82,0.35309,43501.11,0.00844
1649321647699,43493.71,0.00024,43501.48,0.23015
1649321647699,43493.53,0.31037,43501.66,1.16714
1649321647699,43492.3,0.34481,43502.57,0.86495
1649321647699,43492.05,0.04552,43502.59,0.00345
1649321647699,43491.6,0.001,43503.45,0.00202
1649321647699,43490.37,0.00108,43504.29,0.01047
1649321647699,43490.23,0.00231,43504.35,0.01584
1649321649701,43496.75,13.88141,43496.76,0.72996
1649321649701,43496.68,0.05678,43496.8,0.00651
1649321649701,43496.31,0.008,43497.54,0.00423
1649321649701,43496.2,0.00418,43499.13,0.00264
1649321649701,43496.19,0.00309,43499.26,1.5
1649321649701,43496.17,0.06599,43499.8,0.00024
1649321649701,43496.11,0.00045,43499.95,0.00113
1649321649701,43495.97,0.12414,43500.0,1.39433
1649321649701,43495.88,0.22515,43500.01,0.01092
1649321649701,43495.75,0.31035,43501.0,0.11954
1649321649701,43495.62,0.04552,43501.11,0.00844
1649321649701,43495.58,0.04552,43501.48,0.23015
1649321649701,43495.56,0.75,43501.66,1.16714
1649321649701,43493.82,0.23814,43502.57,0.75
1649321649701,43493.71,0.00024,43502.59,0.00345
1649321649701,43493.53,0.31037,43503.45,0.00202
1649321649701,43493.02,0.45974,43504.29,0.01047
1649321649701,43492.3,0.34481,43504.35,0.01584
1649321649701,43492.05,0.04552,43504.38,0.06538
1649321649701,43490.79,0.68925,43505.0,0.25315
1649321650696,43496.75,13.88141,43496.76,0.77418
1649321650696,43496.68,0.05678,43496.8,0.00651
1649321650696,43496.2,0.00418,43497.54,0.00423
1649321650696,43496.19,0.00309,43499.13,0.00264
1649321650696,43496.17,0.06599,43499.26,1.5
1649321650696,43496.11,0.00045,43499.8,0.00024
1649321650696,43495.97,0.12414,43499.95,0.00113
1649321650696,43495.88,0.2251,43500.0,1.39433
1649321650696,43495.75,0.31035,43500.01,0.01092
1649321650696,43495.62,0.04552,43501.0,0.11954
1649321650696,43495.58,0.04552,43501.11,0.00844
1649321650696,43495.56,0.75,43501.48,0.23015
1649321650696,43493.82,0.35309,43501.66,1.16714
1649321650696,43493.71,0.00024,43502.57,0.75
1649321650696,43493.53,0.31037,43502.59,0.00345
1649321650696,43493.02,0.34479,43503.45,0.00202
1649321650696,43492.3,0.34481,43504.29,0.01047
1649321650696,43492.05,0.04552,43504.35,0.01584
1649321650696,43490.79,0.68925,43504.38,0.06538
1649321650696,43490.37,0.00108,43505.0,0.25315
1649321652703,43497.52,15.56363,43497.53,0.36415
1649321652703,43497.22,1.29,43497.54,0.00423
1649321652703,43497.2,1.25702,43499.13,0.00264
1649321652703,43497.12,1.06,43499.26,1.5
1649321652703,43497.01,0.11493,43499.8,0.00024
1649321652703,43496.79,1.8,43499.95,0.00113
1649321652703,43496.78,0.00419,43500.0,1.39433
1649321652703,43496.76,0.2279,43500.01,0.01092
1649321652703,43496.75,1.11697,43501.0,0.00459
1649321652703,43496.19,0.00309,43501.11,0.00844
1649321652703,43496.11,0.00045,43501.48,0.3451
1649321652703,43495.97,0.12414,43501.66,1.16714
1649321652703,43495.88,0.1258,43502.5,0.75
1649321652703,43495.86,0.09928,43502.59,0.00345
1649321652703,43495.75,0.31035,43503.45,0.00202
1649321652703,43495.62,0.04552,43504.29,0.01047
1649321652703,43495.58,0.04552,43504.35,0.01584
1649321652703,43494.16,0.34477,43505.0,0.25315
1649321652703,43493.82,0.23815,43506.18,0.01787
1649321652703,43493.71,0.00024,43506.32,0.06533
1649321654699,43497.52,19.41308,43497.53,0.34995
1649321654699,43497.22,1.29,43497.54,0.00423
1649321654699,43497.2,1.25702,43497.55,0.00863
1649321654699,43497.12,1.06,43499.13,0.00264
1649321654699,43497.09,0.05678,43499.26,1.5
1649321654699,43497.01,0.11493,43499.8,0.00024
1649321654699,43496.85,0.00414,43499.95,0.00113
1649321654699,43496.79,1.5,43500.0,1.39433
1649321654699,43496.76,0.2279,43500.01,0.01092
1649321654699,43496.75,1.11697,43501.0,0.00459
1649321654699,43496.19,0.00309,43501.11,0.00844
1649321654699,43496.11,0.00045,43501.48,0.23015
1649321654699,43495.97,0.12414,43501.66,1.16714
1649321654699,43495.88,0.1258,43502.59,0.00345
1649321654699,43495.86,0.09928,43503.45,0.11697
1649321654699,43495.75,0.31035,43504.29,0.01047
1649321654699,43495.62,0.04552,43504.35,0.01584
1649321654699,43495.58,0.04552,43505.0,0.25315
1649321654699,43494.16,0.34477,43506.18,0.01787
1649321654699,43493.82,0.1232,43506.32,0.06533
1649321656702,43499.25,9.9052,43499.26,2.28574
1649321656702,43499.12,4.06989,43499.39,0.0041
1649321656702,43498.14,0.00616,43499.8,0.00024
1649321656702,43498.02,0.31033,43499.95,0.00113
1649321656702,43498.0,0.75,43500.0,1.39433
1649321656702,43497.66,1.02479,43500.01,0.01092
1649321656702,43497.53,0.08894,43501.0,0.00459
1649321656702,43497.52,0.01417,43501.11,0.00844
1649321656702,43497.01,0.11493,43501.48,0.23015
1649321656702,43496.76,0.2279,43501.66,1.16714
1649321656702,43496.75,0.66697,43502.45,0.11794
1649321656702,43496.19,0.00309,43502.59,0.00345
1649321656702,43496.11,0.00045,43503.45,0.00202
1649321656702,43495.97,0.12414,43504.29,0.01047
1649321656702,43495.88,0.1258,43504.35,0.01584
1649321656702,43495.86,0.09928,43505.0,0.25315
1649321656702,43495.75,0.31035,43506.18,0.01787
1649321656702,43495.62,0.04552,43506.54,0.00108
1649321656702,43495.58,0.04552,43506.92,0.75
1649321656702,43494.16,0.45972,43507.45,0.02299
1649321658698,43499.25,17.99603,43499.26,0.10033
1649321658698,43499.12,3.76989,43499.39,0.0041
1649321658698,43498.77,0.15913,43499.8,0.00024
1649321658698,43498.37,0.00789,43499.95,0.00113
1649321658698,43498.02,0.31033,43500.0,1.39433
1649321658698,43497.66,1.02479,43500.01,0.01092
1649321658698,43497.53,0.08894,43501.0,0.00459
1649321658698,43497.52,0.01535,43501.11,0.00844
1649321658698,43497.5,0.15,43501.48,0.23015
1649321658698,43497.01,0.11493,43501.66,1.16714
1649321658698,43496.76,0.2279,43502.59,0.00345
1649321658698,43496.75,0.66697,43503.45,0.11696
1649321658698,43496.19,0.00309,43504.29,0.01047
1649321658698,43496.11,0.00045,43504.35,0.01584
1649321658698,43495.88,0.24074,43505.0,0.25315
1649321658698,43495.86,0.09928,43506.18,0.01787
1649321658698,43495.75,0.31035,43506.54,0.00108
1649321658698,43495.62,0.04552,43506.92,0.75
1649321658698,43495.58,0.04552,43507.12,0.06528
1649321658698,43494.16,0.34477,43507.45,0.02299
1649321660698,43499.25,18.07929,43499.26,0.0266
1649321660698,43499.12,3.76989,43499.39,0.0041
1649321660698,43498.77,0.15913,43499.8,0.00024
1649321660698,43498.52,0.01268,43499.95,0.00113
1649321660698,43498.02,0.31033,43500.0,1.39433
1649321660698,43497.66,1.02479,43500.01,0.01092
1649321660698,43497.53,0.08894,43501.0,0.00459
1649321660698,43497.52,0.01535,43501.11,0.00844
1649321660698,43497.5,0.15,43501.48,0.23015
1649321660698,43497.01,0.11493,43501.66,1.16714
1649321660698,43496.76,0.2279,43502.51,0.11494
1649321660698,43496.75,0.552,43502.59,0.00345
1649321660698,43496.19,0.00309,43503.45,0.00202
1649321660698,43496.11,0.00045,43504.29,0.01047
1649321660698,43495.88,0.1258,43504.35,0.01584
1649321660698,43495.86,0.09928,43505.0,0.25315
1649321660698,43495.75,0.31035,43506.18,0.01787
1649321660698,43495.62,0.04552,43506.54,0.00108
1649321660698,43495.58,0.04552,43506.92,0.75
1649321660698,43494.16,0.45971,43507.12,0.06528
1649321662712,43499.99,12.59868,43500.0,5.06731
1649321662712,43499.94,0.00227,43500.01,0.01092
1649321662712,43499.51,0.02365,43500.03,0.39772
1649321662712,43499.38,0.04342,43500.48,0.1174
1649321662712,43499.25,1.5,43500.92,0.00412
1649321662712,43499.12,0.04342,43501.0,0.00459
1649321662712,43498.95,0.0168,43501.11,0.00844
1649321662712,43498.02,0.31033,43501.48,0.23015
1649321662712,43497.66,1.02479,43501.66,1.16714
1649321662712,43497.53,0.08894,43502.59,0.00345
1649321662712,43497.52,0.00386,43503.04,0.11518
1649321662712,43497.5,0.15,43503.45,0.00202
1649321662712,43497.01,0.11493,43504.29,0.01047
1649321662712,43496.76,0.2279,43504.35,0.01584
1649321662712,43496.75,0.552,43505.0,0.25315
1649321662712,43496.19,0.00309,43506.18,0.01787
1649321662712,43496.11,0.00045,43506.54,0.00108
1649321662712,43495.75,0.42529,43506.92,0.75
1649321662712,43495.62,0.04552,43507.25,0.06526
1649321662712,43495.58,0.04552,43507.96,0.32
1649321663701,43499.99,11.52218,43500.0,4.85731
1649321663701,43499.94,0.00227,43500.01,0.01092
1649321663701,43499.51,0.10719,43500.03,0.39772
1649321663701,43499.38,0.04342,43500.48,0.1174
1649321663701,43499.25,1.5,43500.92,0.00412
1649321663701,43499.12,0.04342,43501.0,0.00459
1649321663701,43498.95,0.0168,43501.11,0.00844
1649321663701,43498.45,0.1164,43501.48,0.23015
1649321663701,43498.02,0.31033,43501.66,1.16714
1649321663701,43497.66,1.02479,43502.59,0.00345
1649321663701,43497.53,0.08894,43503.04,0.11518
1649321663701,43497.52,0.00386,43503.45,0.00202
1649321663701,43497.5,0.15,43504.29,0.01047
1649321663701,43497.01,0.11493,43504.35,0.01584
1649321663701,43496.76,0.2279,43505.0,0.25315
1649321663701,43496.75,0.552,43506.18,0.01787
1649321663701,43496.19,0.00309,43506.54,0.00108
1649321663701,43496.11,0.00045,43506.92,0.75
1649321663701,43495.75,0.31035,43507.25,0.06526
1649321663701,43495.62,0.04552,43507.96,0.32
1649321665698,43499.99,10.91332,43500.0,2.87311
1649321665698,43499.94,0.00227,43500.01,0.01092
1649321665698,43499.38,0.04342,43500.03,0.39772
1649321665698,43499.26,0.00064,43500.48,0.1174
1649321665698,43499.25,1.5,43500.92,0.00412
1649321665698,43499.12,0.04342,43501.0,0.00459
1649321665698,43498.95,0.0168,43501.11,0.00844
1649321665698,43498.02,0.31033,43501.48,0.23015
1649321665698,43497.66,1.02479,43501.66,1.16714
1649321665698,43497.53,0.08894,43502.59,0.00345
1649321665698,43497.52,0.00386,43503.04,0.00024
1649321665698,43497.5,0.15,43503.45,0.00202
1649321665698,43497.01,0.11493,43504.29,0.01047
1649321665698,43496.88,0.09454,43504.35,0.01584
1649321665698,43496.76,0.2279,43505.0,0.25315
1649321665698,43496.75,0.552,43506.18,0.01787
1649321665698,43496.19,0.00309,43506.54,0.00108
1649321665698,43496.11,0.00045,43506.92,0.75
1649321665698,43495.75,0.31035,43507.25,0.06526
1649321665698,43495.62,0.04552,43507.45,0.02299
1649321667700,43499.99,17.21741,43500.0,0.52119
1649321667700,43499.94,0.00227,43500.01,0.01092
1649321667700,43499.51,0.06921,43500.03,0.39772
1649321667700,43499.47,0.34476,43500.92,0.00412
1649321667700,43499.38,0.04342,43501.0,0.00459
1649321667700,43499.26,0.00064,43501.11,0.00844
1649321667700,43499.25,1.5,43501.48,0.23015
1649321667700,43499.12,0.04342,43501.66,1.16714
1649321667700,43498.95,0.0168,43502.59,0.00345
1649321667700,43498.02,0.31033,43503.04,0.00024
1649321667700,43497.66,1.02479,43503.45,0.00202
1649321667700,43497.53,0.08894,43504.29,0.01047
1649321667700,43497.52,0.00386,43504.35,0.01584
1649321667700,43497.5,0.15,43505.0,0.36809
1649321667700,43497.01,0.22987,43506.18,0.01787
1649321667700,43496.88,0.09454,43506.54,0.00108
1649321667700,43496.76,0.2279,43506.92,0.75
1649321667700,43496.75,0.552,43507.25,0.06526
1649321667700,43496.19,0.00309,43507.96,0.16
1649321667700,43496.11,0.00045,43508.85,0.00108
1649321669699,43499.99,18.20152,43500.0,0.52194
1649321669699,43499.94,0.00227,43500.01,0.01092
1649321669699,43499.51,0.06921,43500.03,0.39772
1649321669699,43499.47,0.34476,43500.92,0.00412
1649321669699,43499.38,0.04342,43501.0,0.00459
1649321669699,43499.26,0.00064,43501.11,0.00844
1649321669699,43499.25,1.5,43501.48,0.23015
1649321669699,43499.12,0.04342,43501.66,1.16714
1649321669699,43498.97,0.02032,43502.59,0.00345
1649321669699,43498.02,0.31033,43503.04,0.00024
1649321669699,43497.53,0.08894,43503.45,0.00202
1649321669699,43497.52,0.00386,43504.29,0.12541
1649321669699,43497.5,0.15,43504.35,0.01584
1649321669699,43497.01,0.22987,43505.0,0.25315
1649321669699,43496.88,0.09454,43506.18,0.01787
1649321669699,43496.76,0.2279,43506.54,0.00108
1649321669699,43496.75,0.544,43506.92,0.75
1649321669699,43496.19,0.00309,43507.25,0.06526
1649321669699,43496.11,0.00045,43508.26,0.04
1649321669699,43495.75,0.31035,43508.85,0.00108
1649321671700,43500.0,10.33421,43500.01,0.02137
1649321671700,43499.99,6.54142,43500.03,0.39772
1649321671700,43499.94,0.00227,43500.92,0.00412
1649321671700,43499.51,0.06921,43501.0,0.00459
1649321671700,43499.47,0.34476,43501.11,0.00844
1649321671700,43499.38,0.04342,43501.48,0.23015
1649321671700,43499.26,0.00064,43501.66,1.16714
1649321671700,43499.12,0.04342,43502.59,0.00345
1649321671700,43498.97,0.02032,43503.04,0.11518
1649321671700,43498.02,0.31033,43503.45,0.00202
1649321671700,43497.53,0.08894,43504.29,0.01047
1649321671700,43497.52,0.00386,43504.35,0.01584
1649321671700,43497.5,0.15,43505.0,0.25315
1649321671700,43497.01,0.11493,43506.18,0.01787
1649321671700,43496.88,0.09454,43506.54,0.00108
1649321671700,43496.76,0.2279,43506.92,0.75
1649321671700,43496.75,0.544,43507.25,0.06526
1649321671700,43496.19,0.00309,43508.26,0.04
1649321671700,43496.11,0.00045,43508.73,0.36
1649321671700,43495.75,0.42529,43508.85,0.00108
1649321673700,43500.0,4.90743,43500.01,3.90947
1649321673700,43499.99,1.51072,43500.03,0.39772
1649321673700,43499.94,0.00227,43500.45,0.1174
1649321673700,43499.47,0.34476,43500.92,0.00412
1649321673700,43499.38,0.04342,43501.0,0.00459
1649321673700,43499.26,0.00064,43501.11,0.00844
1649321673700,43499.12,0.04342,43501.48,0.23015
1649321673700,43498.97,0.02032,43501.66,1.16714
1649321673700,43497.53,0.08894,43502.55,0.11494
1649321673700,43497.52,0.00386,43502.59,0.01461
1649321673700,43497.5,0.15,43503.04,0.00024
1649321673700,43497.01,0.11493,43503.45,0.00202
1649321673700,43496.76,0.2279,43504.29,0.01047
1649321673700,43496.75,0.544,43504.35,0.01584
1649321673700,43496.19,0.00309,43505.0,0.25315
1649321673700,43496.11,0.00045,43506.18,0.01787
1649321673700,43495.75,0.31035,43506.54,0.00108
1649321673700,43495.62,0.04552,43506.92,0.75
1649321673700,43495.58,0.04552,43507.25,0.06526
1649321673700,43494.16,0.45971,43508.26,0.04
1649321674706,43500.0,0.55543,43500.01,5.83976
1649321674706,43499.99,0.00209,43500.03,0.39772
1649321674706,43499.98,0.00863,43500.45,0.1174
1649321674706,43499.94,0.00227,43500.79,0.00403
1649321674706,43499.52,0.008,43501.0,0.00459
1649321674706,43499.26,0.00064,43501.11,0.00844
1649321674706,43498.97,0.02032,43501.26,0.32
1649321674706,43497.52,0.00386,43501.48,0.23015
1649321674706,43497.5,0.15,43501.66,1.16714
1649321674706,43496.28,0.42721,43502.36,0.75
1649321674706,43496.27,0.75,43502.43,0.24
1649321674706,43496.19,0.00309,43502.56,0.32
1649321674706,43496.11,0.00045,43502.59,0.01461
1649321674706,43495.64,0.36,43502.78,0.32
1649321674706,43494.17,0.53884,43503.04,0.00024
1649321674706,43493.89,0.11494,43503.16,0.31036
1649321674706,43493.82,0.1232,43503.45,0.00202
1649321674706,43493.71,0.00024,43504.29,0.01047
1649321674706,43493.53,0.31037,43504.35,0.01584
1649321674706,43493.47,0.00531,43505.0,0.25315
1649321676700,43500.0,4.91155,43500.01,3.56373
1649321676700,43499.99,0.00209,43500.45,0.1174
1649321676700,43499.52,0.008,43500.79,0.00403
1649321676700,43499.26,0.00064,43501.0,0.00459
1649321676700,43498.97,0.02032,43501.11,0.00844
1649321676700,43497.52,0.00386,43501.26,0.32
1649321676700,43497.5,0.15,43501.48,0.23015
1649321676700,43497.27,0.31034,43501.66,1.16714
1649321676700,43496.28,0.42721,43502.36,0.86494
1649321676700,43496.27,0.75,43502.43,0.24
1649321676700,43496.19,0.00309,43502.56,0.32
1649321676700,43496.11,0.00045,43502.59,0.01461
1649321676700,43495.64,0.36,43502.78,0.32
1649321676700,43494.64,0.17814,43503.04,0.00024
1649321676700,43494.17,0.53884,43503.45,0.00202
1649321676700,43493.89,0.11494,43504.29,0.01047
1649321676700,43493.82,0.1232,43504.35,0.01584
1649321676700,43493.71,0.00024,43505.0,0.25315
1649321676700,43493.53,0.31037,43505.07,0.11494
1649321676700,43493.47,0.00531,43506.18,0.01787
1649321678703,43500.0,0.7106,43500.01,9.85413
1649321678703,43499.99,0.00209,43500.04,0.39772
1649321678703,43499.98,0.00863,43500.48,0.23234
1649321678703,43499.96,0.00227,43500.79,0.00403
1649321678703,43499.52,0.008,43501.0,0.00459
1649321678703,43499.26,0.00064,43501.11,0.00844
1649321678703,43498.97,0.02032,43501.21,0.12
1649321678703,43497.52,0.00386,43501.48,0.23015
1649321678703,43497.5,0.15,43501.66,1.16714
1649321678703,43496.28,0.42721,43502.36,0.75
1649321678703,43496.27,0.75,43502.43,0.24
1649321678703,43496.19,0.00309,43502.52,0.12
1649321678703,43496.11,0.00045,43502.59,0.01461
1649321678703,43495.64,0.36,43502.74,0.12
1649321678703,43494.17,0.53884,43503.04,0.00024
1649321678703,43493.89,0.11494,43503.38,0.31036
1649321678703,43493.82,0.1232,43503.45,0.00202
1649321678703,43493.71,0.00024,43504.29,0.01047
1649321678703,43493.53,0.31037,43504.35,0.01584
1649321678703,43493.02,0.45973,43504.37,0.36
1649321680702,43500.0,0.34908,43500.01,11.08153
1649321680702,43499.99,0.00209,43500.04,0.39772
1649321680702,43499.96,0.00227,43500.48,0.1174
1649321680702,43499.52,0.008,43500.79,0.00403
1649321680702,43499.26,0.00064,43501.0,0.11953
1649321680702,43498.97,0.02032,43501.11,0.00844
1649321680702,43497.52,0.00386,43501.21,0.12
1649321680702,43497.5,0.15,43501.48,0.23015
1649321680702,43496.19,0.00309,43501.66,1.16714
1649321680702,43496.11,0.00045,43502.36,0.75
1649321680702,43495.73,0.44552,43502.43,0.24
1649321680702,43495.72,0.75,43502.52,0.12
1649321680702,43495.64,0.36,43502.59,0.01461
1649321680702,43494.17,0.53884,43502.74,0.12
1649321680702,43493.89,0.11494,43503.04,0.00024
1649321680702,43493.82,0.1232,43503.38,0.31036
1649321680702,43493.71,0.00024,43503.45,0.00202
1649321680702,43493.53,0.42531,43504.29,0.01047
1649321680702,43493.02,0.34479,43504.35,0.01584
1649321680702,43492.39,1.01169,43504.37,0.36
1649321682702,43500.0,19.9366,43500.01,2.38667
1649321682702,43499.99,0.00209,43500.04,0.39772
1649321682702,43499.96,0.00227,43500.79,0.00403
1649321682702,43499.53,0.13139,43501.0,0.00459
1649321682702,43499.52,0.008,43501.11,0.00844
1649321682702,43499.26,0.00064,43501.48,0.23015
1649321682702,43498.97,0.02032,43501.66,1.16714
1649321682702,43497.67,0.42528,43502.59,0.01461
1649321682702,43497.52,0.00386,43502.81,0.28
1649321682702,43497.5,0.15,43503.04,0.00024
1649321682702,43497.18,0.09858,43503.22,0.02
1649321682702,43496.19,0.00309,43503.44,0.02
1649321682702,43496.11,0.00045,43503.45,0.00202
1649321682702,43495.73,0.44552,43503.54,0.75
1649321682702,43495.72,0.75,43503.99,0.24
1649321682702,43495.64,0.36,43504.29,0.01047
1649321682702,43494.17,0.53884,43504.35,0.01584
1649321682702,43493.89,0.11494,43505.0,0.25315
1649321682702,43493.82,0.1232,43505.07,0.11494
1649321682702,43493.71,0.00024,43506.07,0.02299
1649321683702,43500.0,21.59811,43500.01,0.85425
1649321683702,43499.99,0.00209,43500.04,0.39772
1649321683702,43499.96,0.00227,43500.79,0.00403
1649321683702,43499.53,0.13139,43501.0,0.00459
1649321683702,43499.52,0.008,43501.11,0.00844
1649321683702,43499.26,0.00064,43501.48,0.23015
1649321683702,43498.97,0.02032,43501.66,1.16714
1649321683702,43498.05,0.22987,43502.59,0.01461
1649321683702,43497.67,0.31034,43503.04,0.00024
1649321683702,43497.52,0.00386,43503.45,0.00202
1649321683702,43497.5,0.15,43504.29,0.01047
1649321683702,43497.18,0.09858,43504.35,0.01584
1649321683702,43496.19,0.00309,43504.73,0.75
1649321683702,43496.11,0.00045,43505.0,0.25315
1649321683702,43495.73,0.44552,43506.07,0.13793
1649321683702,43495.72,0.75,43506.18,0.01787
1649321683702,43495.64,0.36,43506.32,0.2
1649321683702,43494.17,0.53884,43506.53,0.00257
1649321683702,43493.82,0.1232,43506.54,0.00108
1649321683702,43493.71,0.00024,43507.25,0.06526
1649321685702,43500.0,21.49111,43500.01,0.84058
1649321685702,43499.99,0.00323,43500.04,0.39772
1649321685702,43499.96,0.00227,43500.79,0.00403
1649321685702,43499.53,0.13139,43501.0,0.00459
1649321685702,43499.52,0.008,43501.11,0.00844
1649321685702,43499.26,0.00064,43501.48,0.23015
1649321685702,43498.97,0.02032,43501.66,1.16714
1649321685702,43498.05,0.11493,43502.59,0.01461
1649321685702,43497.67,0.31034,43503.04,0.00024
1649321685702,43497.52,0.00386,43503.45,0.00202
1649321685702,43497.5,0.15,43504.29,0.01047
1649321685702,43497.18,0.09858,43504.35,0.01584
1649321685702,43496.19,0.00309,43504.73,0.75
1649321685702,43496.11,0.00045,43505.0,0.25315
1649321685702,43495.73,0.44552,43506.18,0.01787
1649321685702,43495.72,0.75,43506.32,0.2
1649321685702,43495.64,0.36,43506.54,0.00108
1649321685702,43494.17,0.53884,43507.25,0.06526
1649321685702,43493.82,0.1232,43507.49,0.24
1649321685702,43493.71,0.00024,43507.62,0.2
1649321687709,43500.0,12.85682,43500.01,4.85701
1649321687709,43499.99,0.00323,43500.04,0.39772
1649321687709,43499.96,0.00227,43500.5,0.1174
1649321687709,43499.52,0.008,43500.79,0.00403
1649321687709,43499.51,0.13139,43501.0,0.00459
1649321687709,43499.26,0.00064,43501.11,0.00844
1649321687709,43498.97,0.02032,43501.48,0.23015
1649321687709,43498.05,0.11493,43501.66,1.16714
1649321687709,43497.52,0.00386,43502.59,0.12955
1649321687709,43497.5,0.15,43503.04,0.00024
1649321687709,43497.18,0.09858,43503.32,0.00563
1649321687709,43496.19,0.00309,43503.42,0.31035
1649321687709,43496.11,0.00045,43503.45,0.00202
1649321687709,43495.73,0.44552,43504.29,0.01047
1649321687709,43495.72,0.75,43504.35,0.01584
1649321687709,43495.64,0.36,43504.73,0.75
1649321687709,43494.17,0.65378,43505.0,0.25315
1649321687709,43493.82,0.1232,43506.18,0.01787
1649321687709,43493.71,0.00024,43506.32,0.2
1649321687709,43493.53,0.31037,43506.54,0.00108
1649321689704,43500.0,16.51362,43500.01,2.82601
1649321689704,43499.99,0.00323,43500.04,0.39772
1649321689704,43499.96,0.00227,43500.5,0.1174
1649321689704,43499.52,0.008,43500.79,0.00403
1649321689704,43499.51,0.03494,43501.0,0.00459
1649321689704,43499.26,0.00064,43501.11,0.00844
1649321689704,43498.97,0.02032,43501.48,0.23015
1649321689704,43497.52,0.00386,43501.66,1.16714
1649321689704,43497.5,0.15,43502.59,0.12955
1649321689704,43497.18,0.09858,43503.04,0.00024
1649321689704,43496.19,0.00309,43503.32,0.00563
1649321689704,43496.11,0.00045,43503.45,0.00202
1649321689704,43495.73,0.44552,43504.29,0.01047
1649321689704,43495.72,0.75,43504.35,0.01584
1649321689704,43495.64,0.36,43504.73,0.75
1649321689704,43494.77,0.22988,43505.0,0.25315
1649321689704,43494.17,0.53884,43506.18,0.01787
1649321689704,43493.82,0.1232,43506.32,0.2
1649321689704,43493.71,0.00024,43506.54,0.00108
1649321689704,43493.53,0.31037,43507.12,0.11494
1649321690705,43500.0,19.62814,43500.01,0.65731
1649321690705,43499.99,0.00323,43500.04,0.39772
1649321690705,43499.96,0.00227,43500.79,0.00403
1649321690705,43499.52,0.008,43501.0,0.00459
1649321690705,43499.51,0.03494,43501.11,0.00844
1649321690705,43499.26,0.00064,43501.48,0.23015
1649321690705,43498.97,0.02032,43501.66,1.16714
1649321690705,43497.52,0.00386,43502.59,0.01461
1649321690705,43497.5,0.15,43503.04,0.00024
1649321690705,43497.18,0.21352,43503.45,0.00202
1649321690705,43496.76,0.00037,43504.29,0.12541
1649321690705,43496.71,0.31034,43504.35,0.01584
1649321690705,43496.19,0.00309,43504.73,0.75
1649321690705,43496.11,0.00045,43505.0,0.25315
1649321690705,43495.73,0.44552,43506.18,0.01787
1649321690705,43495.72,0.75,43506.32,0.2
1649321690705,43495.64,0.36,43506.54,0.00108
1649321690705,43494.77,0.11494,43507.12,0.11494
1649321690705,43494.17,0.53884,43507.25,0.06526
1649321690705,43493.82,0.1232,43507.49,0.24
1649321692703,43500.0,20.74503,43500.01,0.49905
1649321692703,43499.99,0.00323,43500.04,0.39772
1649321692703,43499.96,0.00227,43500.79,0.00403
1649321692703,43499.52,0.008,43501.0,0.00459
1649321692703,43499.51,0.03494,43501.11,0.00844
1649321692703,43499.26,0.00064,43501.48,0.23015
1649321692703,43498.97,0.02032,43501.66,1.16714
1649321692703,43497.83,0.11493,43502.59,0.01461
1649321692703,43497.52,0.00386,43503.04,0.00024
1649321692703,43497.5,0.15,43503.45,0.00202
1649321692703,43497.18,0.21352,43504.29,0.01047
1649321692703,43496.76,0.00037,43504.35,0.01584
1649321692703,43496.71,0.31034,43504.73,0.75
1649321692703,43496.19,0.00309,43505.0,0.25315
1649321692703,43496.11,0.00045,43506.18,0.01787
1649321692703,43495.73,0.44552,43506.27,0.2
1649321692703,43495.72,0.75,43506.54,0.00108
1649321692703,43495.64,0.36,43507.25,0.06526
1649321692703,43494.17,0.53884,43507.45,0.24
1649321692703,43493.82,0.1232,43507.58,0.2
1649321694703,43500.0,20.6706,43500.01,1.9706
1649321694703,43499.99,0.00323,43500.04,0.39772
1649321694703,43499.96,0.00227,43500.79,0.00403
1649321694703,43499.52,0.008,43501.48,0.23015
1649321694703,43499.51,0.03494,43501.66,1.16714
1649321694703,43499.26,0.00064,43502.59,0.00345
1649321694703,43498.97,0.02032,43503.04,0.11518
1649321694703,43498.81,0.31033,43503.45,0.00202
1649321694703,43497.83,0.11493,43504.35,0.01584
1649321694703,43497.52,0.00386,43505.0,0.24825
1649321694703,43497.5,0.15,43505.16,0.75
1649321694703,43497.18,0.09858,43506.18,0.01787
1649321694703,43496.76,0.00037,43506.27,0.2
1649321694703,43496.71,0.31034,43506.42,0.00563
1649321694703,43496.19,0.00309,43506.54,0.00108
1649321694703,43496.11,0.00045,43507.25,0.06526
1649321694703,43495.73,0.56046,43507.45,0.24
1649321694703,43495.72,0.75,43507.58,0.2
1649321694703,43495.64,0.36,43507.75,0.21
1649321694703,43494.17,0.53884,43508.09,0.02299
1649321696706,43500.0,20.67543,43500.01,2.91842
1649321696706,43499.99,0.00323,43500.04,0.39772
1649321696706,43499.96,0.00227,43500.79,0.00403
1649321696706,43499.52,0.008,43500.88,0.00563
1649321696706,43499.51,0.03494,43501.48,0.23015
1649321696706,43499.26,0.00064,43501.66,1.16714
1649321696706,43498.97,0.02032,43502.59,0.00345
1649321696706,43497.83,0.11493,43503.04,0.11518
1649321696706,43497.52,0.00386,43503.45,0.00202
1649321696706,43497.5,0.15,43504.35,0.01584
1649321696706,43497.18,0.09858,43505.0,0.24825
1649321696706,43496.76,0.00037,43505.16,0.75
1649321696706,43496.71,0.31034,43506.18,0.01787
1649321696706,43496.19,0.00309,43506.27,0.2
1649321696706,43496.11,0.00045,43506.54,0.00108
1649321696706,43495.73,0.44552,43507.25,0.06526
1649321696706,43495.72,0.75,43507.45,0.24
1649321696706,43495.64,0.47494,43507.58,0.2
1649321696706,43494.17,0.53884,43507.75,0.21
1649321696706,43493.82,0.1232,43508.09,0.02299
1649321698705,43500.0,21.14875,43500.01,0.51758
1649321698705,43499.99,0.00323,43500.04,0.39772
1649321698705,43499.96,0.00227,43500.79,0.00403
1649321698705,43499.52,0.008,43501.48,0.23015
1649321698705,43499.51,0.03494,43501.66,1.16714
1649321698705,43499.26,0.00064,43502.59,0.00345
1649321698705,43498.98,0.31033,43503.04,0.00024
1649321698705,43498.97,0.02032,43503.45,0.00202
1649321698705,43497.83,0.11493,43504.35,0.01584
1649321698705,43497.52,0.00386,43505.0,0.24825
1649321698705,43497.5,0.15,43506.18,0.01787
1649321698705,43497.18,0.09858,43506.27,0.2
1649321698705,43496.76,0.00037,43506.54,0.00108
1649321698705,43496.71,0.31034,43506.96,0.75
1649321698705,43496.19,0.00309,43507.25,0.06526
1649321698705,43496.11,0.00045,43507.45,0.24
1649321698705,43495.73,0.44552,43507.58,0.2
1649321698705,43495.72,0.75,43507.75,0.21
1649321698705,43495.64,0.36,43508.09,0.02299
1649321698705,43494.17,0.53884,43508.11,0.22989
1649321699704,43500.0,10.8145,43500.01,6.69984
1649321699704,43499.99,0.00323,43500.04,0.39772
1649321699704,43499.96,0.00227,43500.5,0.1174
1649321699704,43499.52,0.008,43500.79,0.00403
1649321699704,43499.26,0.00064,43500.88,0.00563
1649321699704,43498.97,0.02032,43501.47,0.25289
1649321699704,43497.52,0.00386,43501.48,0.23015
1649321699704,43497.5,0.15,43501.66,1.16714
1649321699704,43496.76,0.00037,43502.27,0.32
1649321699704,43496.19,0.00309,43502.28,0.75
1649321699704,43496.11,0.00045,43502.59,0.00345
1649321699704,43495.73,0.44552,43502.93,0.31036
1649321699704,43495.72,0.75,43503.04,0.00024
1649321699704,43495.64,0.36,43503.4,0.24
1649321699704,43494.17,0.53884,43503.45,0.00202
1649321699704,43493.82,0.1232,43503.58,0.32
1649321699704,43493.71,0.00024,43503.71,0.32
1649321699704,43493.53,0.31037,43504.35,0.01584
1649321699704,43493.49,0.11494,43505.0,0.24825
1649321699704,43493.48,0.00524,43505.8,0.11494
1649321701705,43490.0,10.46375,43490.01,2.13897
1649321701705,43489.99,0.00301,43490.02,0.04342
1649321701705,43489.58,0.27684,43490.88,0.00571
1649321701705,43489.57,0.008,43491.01,0.14075
1649321701705,43489.26,0.00024,43491.41,0.32
1649321701705,43489.24,0.75,43492.3,0.47074
1649321701705,43489.0,0.09329,43492.31,0.04342
1649321701705,43488.95,0.00434,43492.71,0.32
1649321701705,43488.43,0.90866,43492.84,0.32
1649321701705,43484.99,0.00085,43492.89,0.00136
1649321701705,43484.65,0.03246,43492.93,0.24
1649321701705,43484.32,0.03246,43493.05,0.00024
1649321701705,43483.44,0.00108,43493.46,0.31043
1649321701705,43483.0,0.00097,43494.5,0.03835
1649321701705,43482.54,0.11497,43494.77,0.11497
1649321701705,43482.39,0.34097,43494.91,0.75
1649321701705,43481.89,0.04342,43496.11,0.06437
1649321701705,43481.62,0.04342,43496.2,0.70562
1649321701705,43481.61,0.36,43496.23,0.05
1649321701705,43481.55,0.34484,43496.53,0.00231
1649321703708,43496.52,15.09266,43496.53,0.1413
1649321703708,43496.22,0.31034,43497.11,0.05504
1649321703708,43496.21,1.19556,43497.31,0.00863
1649321703708,43495.87,0.2279,43497.88,1.02479
1649321703708,43495.86,4.41331,43498.71,0.12646
1649321703708,43495.65,0.09931,43498.77,0.04
1649321703708,43495.46,0.10807,43499.26,0.07918
1649321703708,43495.44,0.1258,43499.74,1.08428
1649321703708,43494.75,0.25,43499.96,0.17548
1649321703708,43494.56,0.00404,43499.99,0.6313
1649321703708,43494.53,0.0044,43500.01,0.00259
1649321703708,43494.21,0.48794,43500.04,0.39772
1649321703708,43493.15,1.15886,43500.17,0.06
1649321703708,43493.05,0.4716,43500.31,0.06
1649321703708,43493.04,0.08894,43500.99,0.08
1649321703708,43492.89,0.2279,43501.42,0.75
1649321703708,43492.88,0.08894,43501.48,0.23015
1649321703708,43491.72,0.06439,43501.66,1.16714
1649321703708,43490.97,0.11495,43501.92,0.00108
1649321703708,43490.06,0.39289,43502.58,0.11495
1649321705710,43500.03,18.19028,43500.04,0.26721
1649321705710,43499.86,0.72996,43501.38,0.00403
1649321705710,43499.85,6.13262,43501.48,0.23015
1649321705710,43499.43,0.2279,43502.59,0.00345
1649321705710,43499.42,0.29552,43502.75,0.672
1649321705710,43499.11,0.04342,43503.04,0.00024
1649321705710,43498.79,0.03163,43503.45,0.00202
1649321705710,43498.33,0.2279,43504.35,0.01584
1649321705710,43498.32,0.27132,43504.97,0.23494
1649321705710,43497.27,0.15836,43505.0,0.24825
1649321705710,43497.25,0.11493,43506.18,0.01787
1649321705710,43497.16,0.27132,43506.28,0.12
1649321705710,43497.11,0.2279,43506.41,0.13
1649321705710,43496.97,0.34475,43506.5,0.08
1649321705710,43496.22,0.31034,43506.54,0.00108
1649321705710,43496.01,0.11495,43507.72,0.75
1649321705710,43495.87,0.2279,43507.8,0.16
1649321705710,43495.86,0.36,43508.7,0.03835
1649321705710,43495.65,0.09931,43508.85,0.00108
1649321705710,43495.46,0.10807,43509.54,0.19999
1649321707706,43506.17,17.11035,43506.18,0.12568
1649321707706,43505.52,0.00045,43506.74,0.00442
1649321707706,43505.51,1.33284,43507.96,0.06707
1649321707706,43505.48,0.03918,43510.0,0.02299
1649321707706,43505.3,0.0993,43510.03,0.16
1649321707706,43505.11,0.12578,43510.9,0.0385
1649321707706,43505.0,0.53403,43511.21,0.01
1649321707706,43504.99,2.4826,43511.34,0.16
1649321707706,43504.79,0.10805,43511.6,0.16
1649321707706,43504.76,0.31028,43511.64,0.08
1649321707706,43504.06,0.25,43511.69,0.62815
1649321707706,43503.84,0.11491,43513.47,0.00108
1649321707706,43503.78,0.05,43513.87,0.01151
1649321707706,43502.97,0.85659,43514.1,0.75
1649321707706,43502.96,1.07,43514.61,0.00068
1649321707706,43502.85,1.48077,43515.0,0.0003
1649321707706,43502.76,0.06456,43515.33,0.1
1649321707706,43502.59,0.2279,43515.78,0.00108
1649321707706,43502.58,0.08894,43515.91,0.99999
1649321707706,43501.48,0.99417,43516.45,0.03
1649321709704,43509.98,14.7471,43509.99,0.07996
1649321709704,43509.88,0.02798,43510.0,0.02299
1649321709704,43509.2,0.10804,43510.9,0.0385
1649321709704,43508.54,0.09929,43511.64,0.00423
1649321709704,43508.31,1.13568,43514.31,0.11331
1649321709704,43508.26,0.68673,43514.32,1.16998
1649321709704,43508.02,0.31025,43514.61,0.00068
1649321709704,43508.01,1.22,43515.0,0.0003
1649321709704,43507.96,1.88674,43515.78,0.00108
1649321709704,43507.95,1.88894,43515.9,0.34508
1649321709704,43507.6,0.1149,43515.91,0.75
1649321709704,43506.74,0.6563,43516.34,0.16
1649321709704,43506.45,1.1479,43516.57,0.00865
1649321709704,43506.36,0.08894,43517.24,0.02
1649321709704,43506.18,0.27712,43517.37,0.02
1649321709704,43506.17,0.38537,43517.5,0.08
1649321709704,43505.91,0.34468,43517.89,0.03239
1649321709704,43505.52,0.00045,43517.9,0.16
1649321709704,43505.11,0.12578,43517.95,0.22985
1649321709704,43504.99,0.04342,43518.09,0.00108
1649321710707,43509.98,15.79731,43509.99,0.14124
1649321710707,43509.88,0.02798,43510.0,0.02299
1649321710707,43509.2,0.10804,43510.55,0.00374
1649321710707,43508.54,0.09929,43510.9,0.0385
1649321710707,43508.31,1.13568,43511.64,0.00423
1649321710707,43508.26,0.68673,43514.31,0.22823
1649321710707,43508.05,0.00374,43514.32,1.16998
1649321710707,43508.02,0.31025,43514.61,0.00068
1649321710707,43508.01,1.22,43515.0,0.0003
1649321710707,43507.96,1.88674,43515.78,0.00108
1649321710707,43507.95,1.88894,43515.9,0.34508
1649321710707,43507.6,0.1149,43515.91,0.75
1649321710707,43506.74,0.6563,43515.92,0.02299
1649321710707,43506.45,1.26282,43516.34,0.32
1649321710707,43506.36,0.08894,43516.57,0.00865
1649321710707,43506.28,0.05,43517.24,0.02
1649321710707,43506.18,0.2279,43517.37,0.02
1649321710707,43506.17,0.38537,43517.5,0.08
1649321710707,43505.91,0.34468,43517.89,0.03239
1649321710707,43505.52,0.00045,43517.9,0.16
1649321712704,43509.98,15.94444,43509.99,0.00844
1649321712704,43509.2,0.10804,43510.0,0.02299
1649321712704,43509.11,0.09928,43510.55,0.00374
1649321712704,43508.31,1.13568,43510.9,0.0385
1649321712704,43508.26,0.68673,43511.64,0.00423
1649321712704,43508.05,0.00374,43514.31,0.22823
1649321712704,43508.02,0.31025,43514.32,1.16998
1649321712704,43508.01,1.22,43514.61,0.00068
1649321712704,43507.96,1.88674,43515.0,0.0003
1649321712704,43507.95,1.58894,43515.78,0.00108
1649321712704,43507.6,0.1149,43515.9,0.34508
1649321712704,43506.74,0.77122,43515.91,0.75
1649321712704,43506.45,1.1479,43515.92,0.02299
1649321712704,43506.36,0.08894,43516.34,0.32
1649321712704,43506.28,0.05,43516.57,0.00865
1649321712704,43506.18,0.22815,43517.24,0.02
1649321712704,43506.17,0.38537,43517.37,0.02
1649321712704,43505.91,0.34468,43517.5,0.08
1649321712704,43505.52,0.00045,43517.89,0.03239
1649321712704,43505.26,0.06467,43517.9,0.16
1649321714713,43510.89,12.73185,43510.9,0.0385
1649321714713,43510.82,0.02817,43511.64,0.00423
1649321714713,43510.78,0.69677,43514.61,0.00068
1649321714713,43510.73,0.09969,43515.0,0.0003
1649321714713,43510.67,0.25,43515.77,0.00124
1649321714713,43510.57,2.65,43515.78,0.116
1649321714713,43510.56,6.29338,43516.57,0.00865
1649321714713,43510.54,3.71536,43517.04,0.04
1649321714713,43510.0,0.2279,43517.12,0.2348
1649321714713,43509.99,6.83541,43517.13,0.75
1649321714713,43509.98,0.82115,43517.89,0.03239
1649321714713,43509.21,0.01158,43518.04,0.02
1649321714713,43509.2,0.10804,43518.09,0.00108
1649321714713,43509.11,0.09928,43518.17,0.02
1649321714713,43508.31,0.11492,43518.25,0.10706
1649321714713,43508.05,0.00374,43518.26,0.1149
1649321714713,43508.02,0.31025,43518.64,0.0017
1649321714713,43507.96,0.27132,43518.76,0.24
1649321714713,43507.95,0.04342,43519.26,0.87634
1649321714713,43507.6,0.1149,43519.45,1.65142
1649321716710,43515.84,3.85159,43515.85,5.48262
1649321716710,43515.57,0.00916,43516.44,3.14702
1649321716710,43515.34,0.10805,43516.57,0.00865
1649321716710,43515.32,0.008,43516.95,0.00551
1649321716710,43515.19,0.03314,43517.03,0.1
1649321716710,43512.39,0.31023,43517.04,0.04
1649321716710,43512.17,0.11803,43517.54,0.00425
1649321716710,43511.63,0.16042,43517.89,0.03239
1649321716710,43510.9,1.33933,43517.91,0.1149
1649321716710,43510.89,0.79342,43518.04,0.02
1649321716710,43510.73,0.08894,43518.17,0.02
1649321716710,43510.56,0.08894,43518.58,0.02298
1649321716710,43510.54,0.04342,43518.64,0.0017
1649321716710,43509.99,0.04552,43518.76,0.24
1649321716710,43509.98,0.40944,43519.26,0.1149
1649321716710,43509.91,0.01087,43519.51,0.001
1649321716710,43509.67,0.02593,43520.0,0.02298
1649321716710,43509.61,0.02593,43520.14,0.36
1649321716710,43508.05,0.00374,43520.39,0.22983
1649321716710,43508.02,0.31025,43520.97,0.01151
1649321718709,43515.84,3.76068,43515.85,10.70882
1649321718709,43515.57,0.00916,43516.44,1.86517
1649321718709,43515.34,0.10805,43516.57,0.00865
1649321718709,43515.32,0.008,43516.72,0.00551
1649321718709,43515.19,0.03314,43517.03,0.1
1649321718709,43512.17,0.11803,43517.04,0.04
1649321718709,43511.63,0.04552,43517.52,0.00443
1649321718709,43510.9,1.45423,43517.89,0.03239
1649321718709,43510.89,0.79342,43518.04,0.02
1649321718709,43510.73,0.08894,43518.17,0.02
1649321718709,43510.56,0.08894,43518.58,0.13788
1649321718709,43510.54,0.04342,43518.64,0.0017
1649321718709,43509.99,0.04552,43518.76,0.24
1649321718709,43509.98,0.40944,43519.05,0.31024
1649321718709,43509.91,0.01087,43519.51,0.001
1649321718709,43509.33,0.75,43520.0,0.02298
1649321718709,43508.05,0.00374,43520.14,0.36
1649321718709,43508.02,0.31025,43520.35,0.0018
1649321718709,43507.96,0.27132,43520.39,0.22983
1649321718709,43507.6,0.1149,43520.97,0.01151
1649321719710,43515.84,5.61416,43515.85,6.56056
1649321719710,43515.57,0.00916,43516.44,1.86517
1649321719710,43515.34,0.10805,43516.57,0.00865
1649321719710,43515.32,0.008,43517.03,0.1
1649321719710,43515.19,0.03314,43517.04,0.04
1649321719710,43514.97,0.20086,43517.52,0.00443
1649321719710,43512.87,0.31023,43517.89,0.03239
1649321719710,43512.17,0.11803,43518.04,0.02
1649321719710,43511.63,0.16042,43518.17,0.02
1649321719710,43511.48,0.36,43518.64,0.0017
1649321719710,43510.9,1.33933,43518.76,0.24
1649321719710,43510.89,0.79342,43519.04,0.02298
1649321719710,43510.73,0.08894,43519.05,0.1149
1649321719710,43510.56,0.08894,43519.51,0.001
1649321719710,43510.54,0.04342,43520.0,0.02298
1649321719710,43509.99,0.04575,43520.14,0.36
1649321719710,43509.98,0.40944,43520.35,0.0018
1649321719710,43509.91,0.01087,43520.39,0.22983
1649321719710,43509.33,0.75,43520.97,0.01151
1649321719710,43508.05,0.00374,43521.56,0.11489
1649321721715,43515.84,5.60247,43515.85,6.58291
1649321721715,43515.57,0.00916,43516.44,1.86517
1649321721715,43515.34,0.10805,43516.57,0.00865
1649321721715,43515.32,0.008,43517.03,0.1
1649321721715,43515.19,0.03314,43517.04,0.04
1649321721715,43514.97,0.20086,43517.52,0.00443
1649321721715,43512.41,0.31023,43517.89,0.03239
1649321721715,43512.17,0.11803,43518.04,0.02
1649321721715,43511.63,0.04552,43518.17,0.02
1649321721715,43511.48,0.36,43518.58,0.13788
1649321721715,43510.9,1.33933,43518.64,0.0017
1649321721715,43510.89,0.79342,43518.76,0.24
1649321721715,43510.73,0.08894,43519.07,0.00551
1649321721715,43510.56,0.08894,43519.51,0.001
1649321721715,43510.54,0.04342,43520.0,0.02298
1649321721715,43509.99,0.04575,43520.14,0.36
1649321721715,43509.98,0.40944,43520.35,0.0018
1649321721715,43509.91,0.01087,43520.39,0.22983
1649321721715,43509.33,0.75,43520.97,0.01151
1649321721715,43508.05,0.00374,43521.56,0.11489
1649321723708,43515.84,5.53489,43515.85,5.06186
1649321723708,43515.57,0.00916,43516.44,1.76517
1649321723708,43515.34,0.10805,43516.57,0.00865
1649321723708,43515.32,0.008,43517.03,0.1
1649321723708,43515.19,0.03314,43517.04,0.04
1649321723708,43514.97,0.20086,43517.52,0.00443
1649321723708,43512.41,0.31023,43517.89,0.03239
1649321723708,43512.17,0.11803,43518.04,0.02
1649321723708,43511.63,0.16042,43518.17,0.02
1649321723708,43511.48,0.36,43518.64,0.1166
1649321723708,43510.9,1.33933,43518.76,0.24
1649321723708,43510.89,0.79342,43519.04,0.02298
1649321723708,43510.73,0.08894,43519.07,0.00551
1649321723708,43510.56,0.08894,43519.51,0.001
1649321723708,43510.54,0.04342,43520.0,0.02298
1649321723708,43509.99,0.06873,43520.14,0.36
1649321723708,43509.98,0.40944,43520.35,0.0018
1649321723708,43509.91,0.01087,43520.39,0.22983
1649321723708,43509.33,0.75,43520.97,0.01151
1649321723708,43508.05,0.00374,43521.56,0.11489
1649321725711,43515.84,0.84902,43515.85,12.49514
1649321725711,43515.57,0.00916,43516.03,0.05678
1649321725711,43515.56,0.00863,43516.44,1.76517
1649321725711,43515.32,0.008,43516.57,0.00865
1649321725711,43515.19,0.03314,43516.74,0.00551
1649321725711,43512.17,0.11803,43516.86,0.25553
1649321725711,43511.63,0.04552,43517.03,0.1
1649321725711,43510.73,0.04552,43517.04,0.04
1649321725711,43510.56,0.04552,43517.45,0.11491
1649321725711,43510.0,0.37177,43517.5,0.00407
1649321725711,43509.99,0.06873,43517.89,0.03239
1649321725711,43509.98,0.40944,43518.04,0.02
1649321725711,43509.91,0.01087,43518.17,0.02
1649321725711,43509.33,0.8649,43518.53,0.31025
1649321725711,43508.05,0.00374,43518.58,0.02298
1649321725711,43508.02,0.31025,43518.64,0.0017
1649321725711,43507.96,0.04342,43518.76,0.24
1649321725711,43506.97,0.025,43519.51,0.001
1649321725711,43506.96,0.0648,43520.0,0.02298
1649321725711,43506.74,0.6563,43520.12,1.32892
1649321727708,43515.84,0.88829,43515.85,12.12659
1649321727708,43515.79,0.20001,43515.87,0.00455
1649321727708,43515.57,0.00916,43516.03,0.05678
1649321727708,43515.32,0.008,43516.44,1.76517
1649321727708,43515.19,0.03314,43516.57,0.00865
1649321727708,43514.76,0.10725,43516.74,0.00551
1649321727708,43512.17,0.11803,43517.03,0.1
1649321727708,43511.63,0.04552,43517.04,0.04
1649321727708,43510.81,0.1826,43517.45,0.11491
1649321727708,43510.73,0.04552,43517.5,0.00407
1649321727708,43510.56,0.04552,43517.89,0.03239
1649321727708,43510.0,0.37177,43518.04,0.02
1649321727708,43509.99,0.06987,43518.17,0.1349
1649321727708,43509.98,0.40944,43518.58,0.02298
1649321727708,43509.33,0.75,43518.64,0.0017
1649321727708,43509.32,0.00537,43518.76,0.24
1649321727708,43508.05,0.00374,43519.19,0.31024
1649321727708,43508.02,0.31025,43519.51,0.001
1649321727708,43507.96,0.04342,43520.0,0.02298
1649321727708,43507.55,0.2,43520.06,1.3254
1649321729712,43512.17,0.11803,43512.18,9.19128
1649321729712,43511.69,0.008,43512.19,0.04342
1649321729712,43510.66,0.00443,43512.23,0.2279
1649321729712,43509.99,0.02435,43512.24,5.82165
1649321729712,43509.98,0.22544,43512.26,2.31194
1649321729712,43508.05,0.00374,43512.29,0.32
1649321729712,43506.54,0.00108,43512.3,0.05678
1649321729712,43506.18,0.00025,43513.0,0.01024
1649321729712,43506.17,0.02537,43513.47,0.31028
1649321729712,43505.65,0.00259,43513.6,0.32
1649321729712,43505.52,0.00045,43513.68,0.32
1649321729712,43504.24,0.25983,43513.87,0.24
1649321729712,43504.23,0.11599,43514.31,0.52207
1649321729712,43503.96,0.75,43515.12,0.2279
1649321729712,43502.73,0.15722,43515.15,0.2279
1649321729712,43502.72,0.23014,43515.18,0.00069
1649321729712,43502.59,0.2279,43515.2,0.36
1649321729712,43501.96,0.06495,43515.22,0.22983
1649321729712,43501.92,0.00108,43515.78,0.79913
1649321729712,43501.48,1.01917,43515.79,0.2279
1649321730708,43504.25,0.41302,43504.26,5.91296
1649321730708,43502.74,0.17442,43504.41,0.75
1649321730708,43502.72,0.23014,43505.13,0.0056
1649321730708,43502.59,0.00415,43505.41,0.14067
1649321730708,43501.48,0.37587,43505.52,0.0222
1649321730708,43500.85,0.75,43506.59,0.11493
1649321730708,43500.04,0.00386,43507.99,0.32
1649321730708,43500.01,0.00896,43508.06,0.3
1649321730708,43500.0,0.0463,43508.74,0.73931
1649321730708,43499.61,0.11601,43509.17,1.02479
1649321730708,43499.43,0.2279,43509.29,0.32
1649321730708,43498.73,0.03227,43509.31,0.36
1649321730708,43497.8,0.02298,43509.38,0.32
1649321730708,43497.3,0.00108,43509.47,0.24
1649321730708,43497.18,0.025,43509.99,11.33817
1649321730708,43497.17,0.38864,43510.0,0.86963
1649321730708,43496.97,0.34475,43510.28,0.31033
1649321730708,43496.17,0.001,43510.67,0.04342
1649321730708,43496.02,0.39689,43511.69,0.2279
1649321730708,43495.86,0.36,43512.04,0.22986
1649321732713,43499.83,10.45303,43499.84,2.00876
1649321732713,43499.82,0.23853,43499.94,0.34091
1649321732713,43499.81,0.75,43500.71,0.00564
1649321732713,43499.66,0.04504,43500.93,0.14069
1649321732713,43498.38,0.11935,43501.04,0.02735
1649321732713,43497.39,0.11495,43501.24,0.01038
1649321732713,43497.18,0.21254,43503.43,1.02479
1649321732713,43496.97,0.34475,43504.25,0.00044
1649321732713,43496.94,0.31034,43504.26,2.2943
1649321732713,43496.75,0.09494,43504.82,0.00374
1649321732713,43495.86,0.36,43505.41,0.11494
1649321732713,43494.99,0.00108,43505.89,0.32
1649321732713,43493.32,0.11494,43506.28,0.01
1649321732713,43493.08,2.28525,43506.36,0.0034
1649321732713,43492.68,0.00108,43506.48,0.22988
1649321732713,43492.52,0.001,43506.59,0.11493
1649321732713,43491.8,0.34477,43506.97,0.31033
1649321732713,43491.25,0.02194,43507.19,0.32
1649321732713,43491.24,0.025,43507.37,0.24
1649321732713,43491.2,0.00172,43508.4,0.02299
1649321734708,43499.83,14.9344,43499.84,0.53861
1649321734708,43499.82,0.23853,43501.04,0.02735
1649321734708,43499.81,0.75,43504.25,0.00044
1649321734708,43499.66,0.04504,43504.26,0.69435
1649321734708,43499.58,0.11492,43504.82,0.00374
1649321734708,43499.07,0.31033,43505.89,0.11494
1649321734708,43498.89,0.1081,43506.28,0.26954
1649321734708,43498.38,0.11935,43506.29,0.04
1649321734708,43497.18,0.21254,43506.36,0.00512
1649321734708,43496.97,0.34475,43506.48,0.22988
1649321734708,43496.94,0.31034,43506.97,0.31033
1649321734708,43495.86,0.36,43507.19,0.02
1649321734708,43495.56,0.07838,43507.24,0.02
1649321734708,43494.99,0.00108,43508.14,0.75
1649321734708,43494.89,0.68921,43508.4,0.02299
1649321734708,43494.06,0.39289,43508.96,0.52667
1649321734708,43493.33,0.06508,43509.31,1.25273
1649321734708,43493.08,2.28525,43509.54,0.881
1649321734708,43492.68,0.00108,43509.97,0.08
1649321734708,43492.52,0.001,43509.99,1.26027
1649321736708,43504.24,11.27539,43504.25,0.49675
1649321736708,43503.37,0.22508,43504.26,0.00272
1649321736708,43503.31,0.0041,43504.82,0.00374
1649321736708,43503.22,0.10809,43505.38,0.3
1649321736708,43503.05,0.11491,43505.39,0.01417
1649321736708,43501.44,0.31031,43506.36,0.12006
1649321736708,43501.43,1.11,43508.14,0.75
1649321736708,43501.41,1.04371,43508.49,0.04
1649321736708,43501.36,1.02479,43509.79,0.06
1649321736708,43501.35,0.54146,43509.84,0.06
1649321736708,43501.32,1.12859,43509.93,0.24
1649321736708,43501.04,0.86333,43509.99,1.26027
1649321736708,43501.03,1.8,43510.0,0.75
1649321736708,43500.88,0.40342,43510.28,0.31033
1649321736708,43500.18,0.08894,43510.67,0.04342
1649321736708,43499.84,0.2279,43511.16,0.00108
1649321736708,43499.83,0.1442,43511.68,0.03834
1649321736708,43499.82,0.23853,43512.44,0.19999
1649321736708,43499.66,0.04504,43512.82,0.06497
1649321736708,43499.08,0.45965,43513.04,0.881
1649321738713,43510.65,6.8983,43510.66,1.21636
1649321738713,43510.45,0.75,43512.26,0.11905
1649321738713,43510.29,0.41801,43513.68,0.32
1649321738713,43510.24,0.00414,43513.75,0.75
1649321738713,43508.98,0.10807,43513.9,0.16707
1649321738713,43508.95,0.5938,43514.14,0.16
1649321738713,43508.92,1.16181,43514.24,0.08
1649321738713,43508.64,2.46693,43514.41,0.02299
1649321738713,43508.63,0.04552,43514.88,0.04
1649321738713,43507.96,0.31025,43515.19,0.03
1649321738713,43507.48,0.09928,43515.22,0.22983
1649321738713,43506.84,0.12576,43515.84,0.00917
1649321738713,43506.3,0.1149,43515.85,0.01629
1649321738713,43506.29,0.36,43515.87,0.00455
1649321738713,43505.6,0.96869,43516.57,0.00865
1649321738713,43505.22,0.75,43517.86,0.1149
1649321738713,43505.09,1.02479,43517.89,0.03239
1649321738713,43504.26,0.0004,43518.64,0.00725
1649321738713,43504.25,0.31684,43518.76,0.04598
1649321738713,43504.24,0.01098,43518.99,0.1
1649321740713,43510.65,14.26236,43510.66,0.25526
1649321740713,43510.45,0.75,43511.22,0.00374
1649321740713,43510.29,0.41801,43512.26,0.00414
1649321740713,43510.24,0.00414,43513.9,0.06707
1649321740713,43510.15,0.31025,43514.09,1.11254
1649321740713,43508.98,0.10807,43514.41,0.1379
1649321740713,43508.95,0.5938,43515.22,0.22983
1649321740713,43508.92,1.16181,43515.84,0.00917
1649321740713,43508.71,0.00374,43515.85,0.01629
1649321740713,43508.64,2.16693,43515.87,0.00455
1649321740713,43508.63,0.04552,43516.24,0.01
1649321740713,43507.96,0.42516,43516.57,0.00865
1649321740713,43507.48,0.09928,43516.66,0.75
1649321740713,43506.84,0.12576,43517.48,0.04
1649321740713,43506.3,0.1149,43517.86,0.1149
1649321740713,43506.29,0.36,43517.89,0.03239
1649321740713,43506.11,0.34468,43518.04,0.08
1649321740713,43505.6,0.85378,43518.34,0.16
1649321740713,43505.22,0.75,43518.57,0.0263
1649321740713,43505.09,1.02479,43518.58,0.02
1649321741728,43512.25,8.72,43512.26,0.72374
1649321741728,43511.83,0.01762,43514.09,1.09122
1649321741728,43511.81,0.204,43514.41,0.02299
1649321741728,43511.21,0.3,43515.22,0.22983
1649321741728,43510.66,1.76035,43515.84,0.12408
1649321741728,43510.65,6.48782,43515.85,0.02458
1649321741728,43510.44,0.01283,43515.87,0.00455
1649321741728,43510.15,0.31025,43516.57,0.00865
1649321741728,43508.98,0.22298,43516.66,0.75
1649321741728,43508.71,0.00374,43517.48,0.04
1649321741728,43508.64,0.29962,43517.86,0.1149
1649321741728,43508.63,0.04552,43517.89,0.03239
1649321741728,43507.96,0.31025,43518.04,0.08
1649321741728,43507.48,0.09928,43518.34,0.16
1649321741728,43506.3,0.1149,43518.57,0.0263
1649321741728,43506.29,0.36,43518.64,0.0017
1649321741728,43506.11,0.34468,43518.76,0.04598
1649321741728,43505.73,0.0086,43518.98,0.01829
1649321741728,43505.6,0.85378,43519.04,0.32
1649321741728,43505.09,1.02479,43519.35,0.32
1649321743710,43512.25,11.41831,43512.26,0.47131
1649321743710,43511.83,0.01762,43513.92,0.00442
1649321743710,43511.18,0.12576,43514.09,1.09122
1649321743710,43510.66,1.76035,43514.41,0.02299
1649321743710,43510.65,6.48757,43515.22,0.22983
1649321743710,43510.44,0.01283,43515.84,0.12408
1649321743710,43510.15,0.31025,43515.85,0.02458
1649321743710,43508.98,0.22298,43515.87,0.00666
1649321743710,43508.71,0.00374,43516.57,0.00865
1649321743710,43508.64,0.29962,43516.66,0.75
1649321743710,43508.63,0.04552,43517.48,0.04
1649321743710,43507.96,0.31025,43517.86,0.1149
1649321743710,43507.48,0.09928,43517.89,0.03239
1649321743710,43506.3,0.1149,43518.04,0.08
1649321743710,43506.29,0.36,43518.34,0.16
1649321743710,43506.11,0.34468,43518.57,0.0263
1649321743710,43505.73,0.0086,43518.64,0.0017
1649321743710,43505.6,0.85378,43518.76,0.04598
1649321743710,43505.09,1.02479,43518.98,0.01829
1649321743710,43504.7,0.05,43519.04,0.32
1649321745713,43512.25,11.80119,43512.26,0.78611
1649321745713,43511.83,0.01762,43513.13,0.00554
1649321745713,43511.18,0.12576,43513.92,0.00442
1649321745713,43510.66,1.76035,43514.09,1.09122
1649321745713,43510.65,3.312,43514.41,0.02299
1649321745713,43510.44,0.01283,43515.22,0.22983
1649321745713,43510.15,0.31025,43515.84,0.12408
1649321745713,43508.98,0.22298,43515.85,0.02458
1649321745713,43508.71,0.00374,43515.87,0.00666
1649321745713,43508.64,0.29962,43516.57,0.00865
1649321745713,43508.63,0.04552,43516.66,0.75
1649321745713,43507.96,0.31025,43517.48,0.04
1649321745713,43507.48,0.09928,43517.86,0.1149
1649321745713,43506.3,0.1149,43517.89,0.03239
1649321745713,43506.29,0.36,43518.04,0.08
1649321745713,43506.11,0.34468,43518.34,0.16
1649321745713,43505.73,0.0086,43518.57,0.0263
1649321745713,43505.6,0.85378,43518.64,0.0017
1649321745713,43505.09,1.02479,43518.76,0.04598
1649321745713,43504.26,0.0004,43518.98,0.01829
1649321747717,43512.25,11.56002,43512.26,0.86198
1649321747717,43511.83,0.01762,43513.92,0.00442
1649321747717,43511.18,0.12576,43514.09,1.09122
1649321747717,43510.66,1.76035,43514.41,0.02299
1649321747717,43510.65,3.312,43515.22,0.22983
1649321747717,43510.44,0.01283,43515.84,0.12408
1649321747717,43510.15,0.31025,43515.85,0.02458
1649321747717,43508.98,0.22298,43515.87,0.00666
1649321747717,43508.71,0.00374,43516.0,0.00554
1649321747717,43508.64,0.29962,43516.57,0.00865
1649321747717,43508.63,0.04552,43516.66,0.75
1649321747717,43507.96,0.31025,43517.48,0.04
1649321747717,43507.48,0.09928,43517.86,0.1149
1649321747717,43506.3,0.1149,43517.89,0.03239
1649321747717,43506.29,0.36,43518.04,0.08
1649321747717,43506.11,0.34468,43518.34,0.16
1649321747717,43505.73,0.0086,43518.57,0.0263
1649321747717,43505.6,0.85378,43518.64,0.0017
1649321747717,43505.09,1.02479,43518.76,0.04598
1649321747717,43504.26,0.0004,43518.98,0.01829
1649321748716,43512.25,11.39418,43512.26,1.16271
1649321748716,43511.83,0.01762,43513.55,0.00026
1649321748716,43511.18,0.12576,43513.92,0.00442
1649321748716,43510.66,1.76035,43514.09,1.09122
1649321748716,43510.65,3.312,43514.41,0.02299
1649321748716,43510.44,0.01283,43515.22,0.22983
1649321748716,43510.15,0.31025,43515.84,0.12408
1649321748716,43508.98,0.22298,43515.85,0.02458
1649321748716,43508.71,0.00374,43515.87,0.00666
1649321748716,43508.64,0.29962,43516.0,0.00554
1649321748716,43508.63,0.04552,43516.57,0.00865
1649321748716,43507.96,0.31025,43516.66,0.75
1649321748716,43507.48,0.09928,43517.48,0.04
1649321748716,43506.3,0.1149,43517.86,0.1149
1649321748716,43506.29,0.36,43517.89,0.03239
1649321748716,43506.11,0.34468,43518.04,0.08
1649321748716,43505.73,0.0086,43518.34,0.16
1649321748716,43505.6,0.85378,43518.57,0.0263
1649321748716,43505.09,1.02479,43518.64,0.0017
1649321748716,43504.26,0.0004,43518.76,0.04598
1649321750716,43512.25,11.42673,43512.26,1.09983
1649321750716,43512.21,0.09999,43512.29,0.20001
1649321750716,43511.83,0.01762,43513.55,0.00026
1649321750716,43511.18,0.12576,43513.92,0.00442
1649321750716,43510.66,1.76035,43514.09,1.09122
1649321750716,43510.65,3.312,43514.41,0.02299
1649321750716,43510.44,0.01283,43515.15,0.00554
1649321750716,43510.15,0.31025,43515.22,0.22983
1649321750716,43508.98,0.22298,43515.85,0.13949
1649321750716,43508.71,0.00374,43515.87,0.00666
1649321750716,43508.64,0.29962,43516.57,0.00865
1649321750716,43508.63,0.04552,43516.66,0.75
1649321750716,43507.96,0.31025,43517.48,0.04
1649321750716,43507.48,0.09928,43517.86,0.1149
1649321750716,43506.3,0.1149,43517.89,0.03239
1649321750716,43506.29,0.36,43518.04,0.08
1649321750716,43506.11,0.34468,43518.34,0.16
1649321750716,43505.73,0.0086,43518.57,0.0263
1649321750716,43505.6,0.85378,43518.64,0.0017
1649321750716,43505.09,1.02479,43518.76,0.04598
1649321752719,43506.6,1.79356,43506.61,7.61112
1649321752719,43506.42,0.00425,43506.62,0.56733
1649321752719,43504.75,0.00374,43507.17,0.00374
1649321752719,43504.25,0.04552,43507.27,0.12
1649321752719,43504.24,0.01073,43507.48,0.00558
1649321752719,43503.31,0.225,43507.88,0.08
1649321752719,43503.3,0.75,43507.9,0.2488
1649321752719,43501.92,0.00108,43508.28,0.16
1649321752719,43501.04,0.63543,43508.58,0.08
1649321752719,43500.88,0.36,43508.62,0.00434
1649321752719,43500.19,0.13993,43508.72,1.16128
1649321752719,43500.18,0.08894,43508.79,0.09
1649321752719,43500.0,0.02489,43509.17,1.595
1649321752719,43499.83,0.00045,43509.43,0.31032
1649321752719,43499.82,0.23853,43509.5,0.75
1649321752719,43499.61,0.00108,43510.04,0.2279
1649321752719,43499.08,0.34472,43511.28,0.40312
1649321752719,43498.17,0.23014,43512.2,0.86086
1649321752719,43497.52,0.00104,43512.22,0.06707
1649321752719,43497.3,0.00108,43512.23,0.00818
1649321754713,43506.6,12.86747,43506.61,1.78924
1649321754713,43506.42,0.00425,43507.02,0.00863
1649321754713,43506.32,0.79658,43507.17,0.00374
1649321754713,43505.73,0.21474,43508.07,0.00558
1649321754713,43504.75,0.00374,43508.25,0.03039
1649321754713,43504.25,0.04552,43511.59,0.23493
1649321754713,43504.24,0.01073,43511.85,0.75
1649321754713,43503.31,0.225,43512.2,0.86086
1649321754713,43503.3,0.75,43512.22,0.06707
1649321754713,43503.21,0.3103,43512.24,0.08
1649321754713,43501.98,0.22984,43512.25,0.0009
1649321754713,43501.92,0.00108,43512.26,0.40971
1649321754713,43501.04,0.63543,43512.29,0.20001
1649321754713,43500.88,0.36,43512.64,0.16
1649321754713,43500.18,0.08894,43512.89,0.12
1649321754713,43500.0,0.02489,43512.9,0.22985
1649321754713,43499.83,0.00045,43513.15,0.12
1649321754713,43499.82,0.23853,43513.55,0.00026
1649321754713,43499.61,0.00108,43514.08,0.33431
1649321754713,43499.09,0.01833,43514.09,1.09122
1649321756720,43506.6,0.58098,43506.61,10.00287
1649321756720,43506.42,0.00425,43507.02,0.00863
1649321756720,43504.75,0.00374,43507.17,0.00374
1649321756720,43504.25,0.04552,43507.45,0.75
1649321756720,43504.24,0.01073,43507.55,0.19342
1649321756720,43503.31,0.225,43508.07,0.12051
1649321756720,43503.3,0.75,43508.25,0.03039
1649321756720,43501.98,0.11491,43510.97,0.36
1649321756720,43501.92,0.00108,43511.59,0.12
1649321756720,43501.04,0.75036,43512.2,0.86086
1649321756720,43500.88,0.36,43512.22,0.06707
1649321756720,43500.18,0.08894,43512.24,0.08
1649321756720,43500.0,0.02489,43512.25,0.0009
1649321756720,43499.83,0.00045,43512.26,0.40971
1649321756720,43499.82,0.23853,43512.29,0.20001
1649321756720,43499.61,0.00108,43512.64,0.16
1649321756720,43499.08,0.34472,43512.89,0.12
1649321756720,43498.17,0.23014,43512.9,0.22985
1649321756720,43497.52,0.00104,43513.15,0.12
1649321756720,43497.3,0.00108,43513.55,0.00026
1649321757713,43506.6,0.49745,43506.61,10.25798
1649321757713,43506.42,0.00425,43507.02,0.00863
1649321757713,43506.12,0.008,43507.17,0.00374
1649321757713,43504.75,0.00374,43507.45,0.75
1649321757713,43504.25,0.04552,43507.55,0.19342
1649321757713,43504.24,0.01073,43508.07,0.12051
1649321757713,43503.31,0.225,43508.25,0.03039
1649321757713,43503.3,0.75,43509.51,0.11493
1649321757713,43501.92,0.00108,43509.62,0.31032
1649321757713,43501.04,0.75036,43510.97,0.36
1649321757713,43500.88,0.36,43511.59,0.12
1649321757713,43500.18,0.08894,43512.2,0.86086
1649321757713,43500.0,0.02489,43512.22,0.06707
1649321757713,43499.83,0.00045,43512.24,0.08
1649321757713,43499.82,0.23853,43512.25,0.0009
1649321757713,43499.61,0.00108,43512.26,0.40971
1649321757713,43499.08,0.34472,43512.29,0.20001
1649321757713,43498.17,0.23014,43512.59,0.22031
1649321757713,43497.52,0.00104,43512.64,0.16
1649321757713,43497.35,0.11493,43512.89,0.12
1649321759717,43506.6,8.45403,43506.61,2.00187
1649321759717,43506.42,0.00425,43507.02,0.00863
1649321759717,43506.12,0.008,43507.17,0.00374
1649321759717,43505.07,0.40631,43507.42,0.2488
1649321759717,43505.06,1.29436,43508.07,0.00558
1649321759717,43504.75,0.00374,43508.25,0.03039
1649321759717,43504.25,0.04552,43509.51,0.11493
1649321759717,43504.24,0.01073,43510.09,0.86493
1649321759717,43503.31,0.33993,43511.59,0.12
1649321759717,43503.3,0.75,43512.2,0.86086
1649321759717,43503.28,0.3103,43512.22,0.06707
1649321759717,43501.92,0.00108,43512.24,0.08
1649321759717,43501.84,0.0715,43512.25,0.0009
1649321759717,43501.04,0.63543,43512.26,0.40971
1649321759717,43500.88,0.36,43512.29,0.20001
1649321759717,43500.18,0.08894,43512.59,0.22031
1649321759717,43500.0,0.03742,43512.64,0.16
1649321759717,43499.83,0.00045,43512.89,0.12
1649321759717,43499.82,0.23853,43512.9,0.22985
1649321759717,43499.61,0.00108,43513.13,0.00354
1649321761717,43509.24,10.14755,43509.25,0.65596
1649321761717,43508.43,0.1922,43510.56,0.00863
1649321761717,43508.38,0.31026,43511.14,0.00429
1649321761717,43508.37,0.21195,43511.99,0.04
1649321761717,43507.85,0.75,43512.2,0.86086
1649321761717,43507.41,0.3,43512.22,0.06707
1649321761717,43507.09,0.00413,43512.25,0.0009
1649321761717,43506.61,0.89421,43512.26,0.40971
1649321761717,43506.6,0.36,43512.29,0.20001
1649321761717,43506.13,0.31028,43512.6,0.08
1649321761717,43506.12,0.008,43512.64,0.11492
1649321761717,43505.07,0.40631,43512.89,0.02
1649321761717,43505.06,1.29436,43513.07,0.03
1649321761717,43504.75,0.00374,43513.13,0.00533
1649321761717,43504.25,0.04552,43513.14,0.75
1649321761717,43504.24,0.01073,43513.55,0.00026
1649321761717,43504.09,0.11491,43514.08,0.33431
1649321761717,43503.31,0.225,43514.09,1.09122
1649321761717,43503.28,0.3103,43514.41,0.02299
1649321761717,43501.92,0.00108,43515.22,0.22983
1649321763717,43509.24,10.76483,43509.25,0.45644
1649321763717,43508.43,0.1922,43510.96,0.00863
1649321763717,43508.37,0.0993,43511.14,0.00429
1649321763717,43507.85,0.75,43512.22,0.06707
1649321763717,43507.41,0.3,43512.25,0.0009
1649321763717,43507.19,0.11927,43512.26,0.40971
1649321763717,43506.61,0.77929,43512.29,0.20001
1649321763717,43506.6,0.36,43513.55,0.11518
1649321763717,43506.13,0.31028,43514.05,0.75
1649321763717,43506.12,0.008,43514.08,0.33431
1649321763717,43505.07,0.40631,43514.09,1.09122
1649321763717,43505.06,1.29436,43514.41,0.02299
1649321763717,43504.91,0.05,43515.19,0.24
1649321763717,43504.75,0.00374,43515.22,0.22983
1649321763717,43504.25,0.04552,43515.77,0.00264
1649321763717,43504.24,0.01073,43515.8,0.24
1649321763717,43504.09,0.11491,43515.85,0.02458
1649321763717,43503.31,0.225,43515.87,0.00666
1649321763717,43503.28,0.3103,43516.46,0.11491
1649321763717,43501.92,0.00108,43516.5,0.24
1649321765723,43509.24,8.26736,43509.25,0.78091
1649321765723,43508.37,0.0993,43511.1,0.00863
1649321765723,43508.35,0.01927,43511.14,0.00429
1649321765723,43507.85,0.75,43512.22,0.06707
1649321765723,43507.19,0.00435,43512.25,0.0009
1649321765723,43506.61,0.77929,43512.26,0.40971
1649321765723,43506.6,0.58562,43512.29,0.20001
1649321765723,43506.19,0.11516,43512.3,0.00024
1649321765723,43506.12,0.008,43512.94,0.23492
1649321765723,43505.89,0.31028,43513.55,0.00026
1649321765723,43505.07,0.40631,43513.6,0.08
1649321765723,43505.06,1.29436,43514.05,0.75
1649321765723,43504.91,0.05,43514.08,0.33431
1649321765723,43504.75,0.00374,43514.09,1.09122
1649321765723,43504.25,0.04552,43514.25,0.12
1649321765723,43504.24,0.01073,43514.41,0.02299
1649321765723,43504.09,0.11491,43514.47,0.12
1649321765723,43503.31,0.225,43515.22,0.22983
1649321765723,43503.28,0.3103,43515.77,0.00264
1649321765723,43501.92,0.00108,43515.85,0.02458
